"Data","Último","Abertura","Máxima","Mínima","Var%"
"01.02.2026","127,04","128,38","129,02","127,21","-1,55%"
"25.01.2026","129,04","130,53","131,53","128,87","-1,52%"
"18.01.2026","131,03","137,75","138,24","130,70","-3,89%"
"11.01.2026","136,34","136,99","139,83","136,02","-0,72%"
"04.01.2026","137,32","137,33","139,49","136,50","-0,35%"
"28.12.2025","137,81","138,82","138,82","137,66","-0,01%"
"21.12.2025","137,82","138,13","138,48","137,81","-2,23%"
"14.12.2025","140,96","135,33","142,29","134,50","2,78%"
"07.12.2025","137,15","142,78","142,81","136,00","1,34%"
"30.11.2025","135,33","141,80","144,13","134,83","-3,89%"
"23.11.2025","140,81","145,92","145,92","140,81","-3,42%"
"16.11.2025","145,79","141,28","146,41","141,28","2,46%"
"09.11.2025","142,29","143,05","143,05","139,96","-2,60%"
"02.11.2025","146,09","138,64","146,09","138,64","5,50%"
"26.10.2025","138,47","137,61","138,80","135,15","-4,03%"
"19.10.2025","144,29","145,09","146,74","140,29","-2,10%"
"12.10.2025","147,38","159,63","159,67","144,76","-2,05%"
"05.10.2025","150,46","134,16","159,29","133,74","11,87%"
"28.09.2025","134,50","137,14","137,14","134,50","-2,40%"
"21.09.2025","137,80","134,05","137,80","134,05","9,18%"
"14.09.2025","126,22","130,85","130,85","125,89","-4,75%"
"07.09.2025","132,52","136,47","137,83","129,19","-3,02%"
"31.08.2025","136,64","136,65","139,48","136,48","-0,13%"
"24.08.2025","136,82","138,83","139,88","135,47","-1,09%"
"17.08.2025","138,33","136,47","141,84","136,47","1,38%"
"10.08.2025","136,45","141,42","141,42","133,94","-3,51%"
"03.08.2025","141,41","152,89","152,89","141,41","-6,95%"
"27.07.2025","151,97","147,28","151,97","147,26","3,18%"
"20.07.2025","147,28","145,75","147,32","144,83","1,05%"
"13.07.2025","145,75","147,78","150,15","145,75","-1,37%"
"06.07.2025","147,78","139,37","147,78","139,37","6,03%"
"29.06.2025","139,37","151,19","151,19","139,37","-7,82%"
"22.06.2025","151,19","156,55","156,55","149,64","-3,42%"
"15.06.2025","156,55","152,18","158,04","151,20","2,87%"
"08.06.2025","152,18","157,19","157,19","149,62","-3,22%"
"01.06.2025","157,24","160,44","160,44","155,10","-1,99%"
"25.05.2025","160,44","168,78","168,86","160,44","-4,94%"
"18.05.2025","168,78","164,93","168,78","161,49","2,33%"
"11.05.2025","164,93","177,11","177,11","161,97","-6,86%"
"04.05.2025","177,07","179,81","179,98","177,07","-1,50%"
"27.04.2025","179,77","181,48","183,37","179,77","-1,49%"
"20.04.2025","182,49","194,16","198,19","182,36","-6,01%"
"13.04.2025","194,16","198,35","198,93","191,18","-2,11%"
"06.04.2025","198,35","199,82","210,58","185,90","-0,69%"
"30.03.2025","199,72","185,17","199,72","182,86","7,86%"
"23.03.2025","185,17","190,23","190,23","179,45","-2,66%"
"16.03.2025","190,23","173,96","190,23","167,39","9,35%"
"09.03.2025","173,96","173,92","178,33","173,92","0,10%"
"02.03.2025","173,79","178,14","184,16","173,78","-1,08%"
"23.02.2025","175,69","168,29","176,29","168,29","4,40%"
"16.02.2025","168,29","165,83","168,29","163,56","1,49%"
"09.02.2025","165,82","170,93","171,86","165,82","-3,27%"
"02.02.2025","171,43","174,78","177,28","171,26","-2,44%"
"26.01.2025","175,72","173,72","179,53","173,72","1,17%"
"19.01.2025","173,69","186,00","186,00","172,80","-6,62%"
"12.01.2025","186,01","197,49","197,49","186,01","-5,81%"
"05.01.2025","197,49","199,17","199,17","187,49","-0,82%"
"29.12.2024","199,12","205,02","214,38","198,32","-2,88%"
"22.12.2024","205,02","200,14","205,02","198,24","2,44%"
"15.12.2024","200,14","172,43","218,20","172,43","16,07%"
"08.12.2024","172,43","166,38","172,87","163,04","3,64%"
"01.12.2024","166,38","161,46","170,86","161,46","3,05%"
"24.11.2024","161,46","155,14","161,52","153,02","4,07%"
"17.11.2024","155,14","166,33","166,33","154,17","-5,88%"
"10.11.2024","164,83","153,47","164,83","153,47","6,24%"
"03.11.2024","155,15","160,90","165,03","153,44","-0,15%"
"27.10.2024","155,39","157,09","157,57","153,58","-1,08%"
"20.10.2024","157,09","150,15","159,07","150,15","4,62%"
"13.10.2024","150,16","151,12","155,10","150,16","-3,16%"
"06.10.2024","155,06","143,49","155,06","143,49","8,06%"
"29.09.2024","143,49","153,03","153,56","143,49","-6,23%"
"22.09.2024","153,03","155,06","158,06","150,38","-1,31%"
"15.09.2024","155,06","152,18","155,06","136,45","1,90%"
"08.09.2024","152,17","156,07","157,07","152,17","-2,50%"
"01.09.2024","156,07","149,31","158,07","149,28","4,53%"
"25.08.2024","149,31","145,24","149,31","141,89","2,80%"
"18.08.2024","145,24","151,15","151,15","145,24","-3,91%"
"11.08.2024","151,15","163,96","164,89","150,34","-7,81%"
"04.08.2024","163,96","170,45","176,83","163,96","-3,81%"
"28.07.2024","170,46","155,11","170,46","155,11","9,89%"
"21.07.2024","155,12","157,20","159,08","153,17","-1,32%"
"14.07.2024","157,20","145,28","159,14","145,28","8,20%"
"07.07.2024","145,28","156,00","156,00","145,28","-6,87%"
"30.06.2024","156,00","169,97","169,97","156,00","-8,22%"
"23.06.2024","169,97","165,01","169,97","160,11","3,01%"
"16.06.2024","165,01","158,11","165,01","158,04","4,36%"
"09.06.2024","158,11","146,53","200,49","146,37","7,91%"
"02.06.2024","146,52","143,35","146,52","141,83","2,21%"
"26.05.2024","143,35","146,34","197,96","143,33","-2,04%"
"19.05.2024","146,34","139,47","148,38","139,45","4,93%"
"12.05.2024","139,47","139,47","142,34","99,37","0,00%"
"05.05.2024","139,47","137,36","139,47","135,48","1,54%"
"28.04.2024","137,36","150,21","150,21","137,36","-8,55%"
"21.04.2024","150,21","162,02","162,02","150,21","-7,28%"
"14.04.2024","162,00","153,11","163,10","153,11","5,81%"
"07.04.2024","153,11","147,40","153,11","142,30","3,88%"
"31.03.2024","147,39","138,42","148,26","138,42","6,48%"
"24.03.2024","138,42","135,42","138,47","133,48","2,22%"
"17.03.2024","135,42","124,71","135,42","124,67","8,59%"
"10.03.2024","124,71","129,60","129,60","120,76","-3,77%"
"03.03.2024","129,59","124,63","129,59","124,63","3,98%"
"25.02.2024","124,63","122,68","126,66","122,68","1,59%"
"18.02.2024","122,68","130,60","133,51","122,68","-6,08%"
"11.02.2024","130,62","135,49","135,63","130,62","-3,59%"
"04.02.2024","135,49","135,62","137,53","133,51","-0,10%"
"28.01.2024","135,62","137,46","139,30","135,41","-1,34%"
"21.01.2024","137,46","131,55","140,41","131,55","4,49%"
"14.01.2024","131,55","128,48","132,59","128,48","2,37%"
"07.01.2024","128,50","141,34","141,34","128,50","-9,08%"
"31.12.2023","141,34","131,47","143,28","131,47","7,51%"
"24.12.2023","131,47","132,45","132,49","131,47","-0,74%"
"17.12.2023","132,45","137,41","137,41","132,45","-3,60%"
"10.12.2023","137,40","147,31","147,31","136,32","-6,73%"
"03.12.2023","147,32","153,55","153,55","142,32","2,96%"
"26.11.2023","143,09","147,21","147,21","142,17","-2,80%"
"19.11.2023","147,21","152,04","152,04","146,12","-3,18%"
"12.11.2023","152,04","163,76","165,71","152,04","-7,16%"
"05.11.2023","163,77","160,56","166,88","160,56","-8,67%"
"29.10.2023","179,32","186,08","186,08","165,65","-3,63%"
"22.10.2023","186,08","190,82","190,82","184,22","-3,40%"
"15.10.2023","192,63","179,36","192,63","179,36","5,20%"
"08.10.2023","183,11","190,10","190,10","178,27","-3,68%"
"01.10.2023","190,10","186,07","199,88","185,00","2,15%"
"24.09.2023","186,10","180,20","189,21","180,20","3,27%"
"17.09.2023","180,20","165,82","183,28","163,82","8,69%"
"10.09.2023","165,79","168,75","171,71","165,79","-1,75%"
"03.09.2023","168,75","164,81","171,77","164,81","2,37%"
"27.08.2023","164,85","173,67","173,67","162,81","-5,08%"
"20.08.2023","173,67","188,24","188,45","173,67","-7,72%"
"13.08.2023","188,20","170,72","188,20","170,72","10,24%"
"06.08.2023","170,72","172,32","173,55","170,64","-0,93%"
"30.07.2023","172,32","162,65","174,57","162,65","6,48%"
"23.07.2023","161,84","172,41","172,41","161,84","-6,95%"
"16.07.2023","173,93","177,48","177,48","173,34","-0,62%"
"09.07.2023","175,02","180,11","181,34","172,11","-2,87%"
"02.07.2023","180,19","173,35","181,30","173,35","2,41%"
"25.06.2023","175,95","176,63","179,92","175,95","-0,44%"
"18.06.2023","176,72","182,19","183,52","174,41","-3,74%"
"11.06.2023","183,58","192,90","192,90","182,84","-5,42%"
"04.06.2023","194,11","201,82","201,82","194,11","-5,14%"
"28.05.2023","204,62","207,39","209,05","204,62","-1,55%"
"21.05.2023","207,85","215,15","215,15","207,85","-3,00%"
"14.05.2023","214,27","221,99","237,45","214,27","-4,98%"
"07.05.2023","225,50","221,17","225,50","221,17","1,51%"
"30.04.2023","222,15","216,74","225,55","213,38","2,09%"
"23.04.2023","217,61","226,72","227,76","217,61","-3,96%"
"16.04.2023","226,58","214,35","226,58","214,32","5,50%"
"09.04.2023","214,76","230,97","230,97","214,76","-6,91%"
"02.04.2023","230,69","221,56","230,69","220,62","0,96%"
"26.03.2023","228,50","244,86","244,86","244,86","-7,63%"
"19.03.2023","247,38","279,65","279,65","279,65","3,61%"
"12.03.2023","238,77","224,50","224,50","224,50","8,96%"
"05.03.2023","219,13","214,88","214,88","214,88","-1,95%"
"26.02.2023","223,49","229,30","229,30","229,30","-2,47%"
"19.02.2023","229,15","228,10","228,10","228,10","3,04%"
"12.02.2023","222,38","232,21","232,21","232,21","-3,84%"
"05.02.2023","231,26","220,84","220,84","220,84","7,82%"
"29.01.2023","214,48","228,08","228,08","228,08","-8,37%"
"22.01.2023","234,07","242,84","242,84","242,84","-3,58%"
"15.01.2023","242,75","238,89","238,89","238,89","1,01%"
"08.01.2023","240,32","244,78","244,78","244,78","-5,35%"
"01.01.2023","253,90","250,46","250,46","250,46","1,45%"
"25.12.2022","250,26","252,43","252,43","252,43","-0,46%"
"18.12.2022","251,41","254,14","254,14","254,14","1,21%"
"11.12.2022","248,40","236,80","236,80","236,80","3,58%"
"04.12.2022","239,82","231,74","231,74","231,74","1,11%"
"27.11.2022","237,18","261,73","261,73","261,73","-7,63%"
"20.11.2022","256,78","256,78","256,78","256,78","-2,44%"
"13.11.2022","263,19","254,05","254,05","254,05","-0,46%"
"06.11.2022","264,41","256,62","256,62","256,62","-0,94%"
"30.10.2022","266,91","272,80","272,80","272,80","-4,51%"
"23.10.2022","279,51","284,24","284,24","284,24","-4,33%"
"16.10.2022","292,16","307,39","307,39","307,39","-2,65%"
"09.10.2022","300,10","294,93","294,93","294,93","5,20%"
"02.10.2022","285,27","282,23","282,23","282,23","7,93%"
"18.09.2022","264,31","261,06","261,06","261,06","9,14%"
"11.09.2022","242,17","232,27","232,27","232,27","-6,02%"
"04.09.2022","257,67","256,67","256,67","256,67","0,39%"
"28.08.2022","256,67","256,57","256,57","256,57","2,88%"
"21.08.2022","249,48","261,56","261,56","261,56","-0,78%"
"14.08.2022","251,43","238,83","238,83","238,83","1,60%"
"07.08.2022","247,48","247,48","247,48","247,48","-7,92%"
"31.07.2022","268,77","281,51","281,51","281,51","-2,32%"
"24.07.2022","275,16","293,48","293,48","293,48","-5,57%"
"17.07.2022","291,40","320,31","320,31","320,31","-10,23%"
"10.07.2022","324,60","286,91","286,91","286,91","13,18%"
"03.07.2022","286,79","288,31","288,31","288,31","-1,38%"
"26.06.2022","290,81","281,74","281,74","281,74","0,61%"
"19.06.2022","289,06","261,19","261,19","261,19","10,80%"
"12.06.2022","260,89","255,26","255,26","255,26","4,89%"
"05.06.2022","248,73","235,24","235,24","235,24","10,46%"
"29.05.2022","225,17","220,28","220,28","220,28","1,33%"
"22.05.2022","222,22","246,59","246,59","246,59","-9,50%"
"15.05.2022","245,55","238,05","238,05","238,05","1,30%"
"08.05.2022","242,39","244,26","244,26","244,26","6,19%"
"01.05.2022","228,25","232,24","232,24","232,24","4,19%"
"24.04.2022","219,08","220,38","220,38","220,38","2,44%"
"17.04.2022","213,86","216,49","216,49","216,49","-1,33%"
"10.04.2022","216,74","212,81","212,81","212,81","3,39%"
"03.04.2022","209,63","204,30","204,30","204,30","1,79%"
"27.03.2022","205,95","211,25","211,25","211,25","-3,71%"
"20.03.2022","213,89","201,50","201,50","201,50","6,15%"
"13.03.2022","201,49","223,05","223,05","223,05","-6,82%"
"06.03.2022","216,24","224,74","224,74","224,74","-0,84%"
"27.02.2022","218,08","218,17","218,17","218,17","-2,62%"
"20.02.2022","223,94","224,87","224,87","224,87","0,91%"
"13.02.2022","221,91","228,49","228,49","228,49","0,14%"
"06.02.2022","221,61","220,48","220,48","220,48","1,95%"
"30.01.2022","217,37","226,81","226,81","226,81","-3,82%"
"23.01.2022","226,01","217,96","217,96","217,96","0,80%"
"16.01.2022","224,21","220,24","220,24","220,24","3,32%"
"09.01.2022","217,00","210,34","210,34","210,34","3,97%"
"02.01.2022","208,72","201,50","208,72","199,75","3,40%"
"26.12.2021","201,86","208,73","208,73","201,47","-3,29%"
"19.12.2021","208,73","221,91","223,04","208,73","-5,64%"
"12.12.2021","221,20","217,85","221,20","216,99","1,38%"
"05.12.2021","218,19","235,09","235,09","212,08","-6,81%"
"28.11.2021","234,14","262,79","262,79","234,14","-11,13%"
"21.11.2021","263,45","234,52","263,45","234,52","12,25%"
"14.11.2021","234,70","231,62","236,32","231,62","0,99%"
"07.11.2021","232,39","223,88","234,89","223,88","-0,34%"
"31.10.2021","233,18","244,21","250,86","233,18","-4,50%"
"24.10.2021","244,17","232,63","244,17","222,82","3,51%"
"17.10.2021","235,90","199,70","235,90","199,70","17,92%"
"10.10.2021","200,05","204,50","208,44","200,05","-1,58%"
"03.10.2021","203,26","202,43","206,46","201,58","1,04%"
"26.09.2021","201,16","197,68","205,48","197,68","2,00%"
"19.09.2021","197,22","178,43","197,22","178,43","10,54%"
"12.09.2021","178,41","176,46","179,35","176,45","1,15%"
"05.09.2021","176,39","173,48","180,46","173,48","1,61%"
"29.08.2021","173,60","179,35","179,35","172,46","-1,16%"
"22.08.2021","175,64","187,19","187,19","175,64","-6,59%"
"15.08.2021","188,03","177,37","188,20","177,37","5,98%"
"08.08.2021","177,42","181,39","183,69","177,42","-2,10%"
"01.08.2021","181,23","175,41","181,23","175,41","3,77%"
"25.07.2021","174,64","171,54","175,42","171,45","1,81%"
"18.07.2021","171,54","173,48","178,24","171,54","-0,94%"
"11.07.2021","173,17","172,54","176,46","171,45","0,30%"
"04.07.2021","172,65","163,60","174,37","163,60","5,09%"
"27.06.2021","164,28","157,78","165,63","157,75","4,51%"
"20.06.2021","157,19","166,57","166,57","157,19","-5,43%"
"13.06.2021","166,21","158,85","174,46","158,85","4,61%"
"06.06.2021","158,89","161,69","161,76","158,79","-2,06%"
"30.05.2021","162,23","170,54","170,81","162,23","-5,01%"
"23.05.2021","170,79","178,36","178,36","170,79","-3,57%"
"16.05.2021","177,11","174,40","180,35","174,40","1,53%"
"09.05.2021","174,44","188,95","188,95","171,28","-0,31%"
"02.05.2021","174,98","189,94","192,86","174,98","-7,69%"
"25.04.2021","189,56","188,02","193,89","188,00","0,49%"
"18.04.2021","188,63","198,69","198,69","188,63","-5,25%"
"11.04.2021","199,09","218,16","219,16","199,09","-8,97%"
"04.04.2021","218,70","220,22","222,97","216,30","-1,13%"
"28.03.2021","221,19","219,16","228,15","219,16","1,35%"
"21.03.2021","218,24","189,24","218,24","189,24","14,81%"
"14.03.2021","190,08","199,08","200,18","190,08","-4,29%"
"07.03.2021","198,60","193,18","217,71","193,18","2,26%"
"28.02.2021","194,22","193,08","194,23","183,38","0,18%"
"21.02.2021","193,87","162,84","193,87","162,84","19,62%"
"14.02.2021","162,07","153,00","162,07","152,99","6,07%"
"07.02.2021","152,80","149,04","155,91","149,03","3,51%"
"31.01.2021","147,62","171,56","171,56","147,62","-14,01%"
"24.01.2021","171,67","171,55","177,42","167,74","-0,15%"
"17.01.2021","171,93","167,72","171,93","165,74","2,49%"
"10.01.2021","167,76","155,01","167,76","155,01","8,23%"
"03.01.2021","155,00","142,21","155,00","142,21","9,46%"
"27.12.2020","141,60","144,18","144,18","141,23","-2,23%"
"20.12.2020","144,83","149,10","151,06","144,18","-2,64%"
"13.12.2020","148,76","153,97","153,97","146,86","-3,21%"
"06.12.2020","153,70","165,70","165,70","152,98","1,17%"
"29.11.2020","151,93","163,70","165,70","151,93","-7,28%"
"22.11.2020","163,86","172,51","172,51","163,86","-5,01%"
"15.11.2020","172,51","180,35","180,35","172,51","-3,99%"
"08.11.2020","179,67","187,05","187,05","164,74","-3,89%"
"01.11.2020","186,94","216,29","216,29","186,94","-13,18%"
"25.10.2020","215,33","209,44","218,31","209,44","2,71%"
"18.10.2020","209,65","217,28","218,27","209,50","-3,44%"
"11.10.2020","217,11","214,52","221,26","213,87","1,51%"
"04.10.2020","213,87","243,45","243,45","213,87","-12,21%"
"27.09.2020","243,61","249,30","251,22","242,47","-1,97%"
"20.09.2020","248,51","198,91","251,06","194,02","23,43%"
"13.09.2020","201,34","199,84","201,34","194,02","0,35%"
"06.09.2020","200,64","205,79","210,58","198,98","-2,10%"
"30.08.2020","204,94","210,49","225,20","193,64","-3,17%"
"23.08.2020","211,64","222,27","222,30","211,64","-4,96%"
"16.08.2020","222,69","225,19","231,67","222,22","-0,91%"
"09.08.2020","224,74","212,57","224,74","204,89","5,35%"
"02.08.2020","213,32","215,22","218,87","212,52","-0,88%"
"26.07.2020","215,22","225,15","225,15","215,22","-4,43%"
"19.07.2020","225,20","228,99","228,99","199,72","-1,43%"
"12.07.2020","228,46","238,77","238,77","228,46","-4,13%"
"05.07.2020","238,30","261,01","261,01","217,13","6,30%"
"28.06.2020","224,18","262,94","262,94","224,18","-14,74%"
"21.06.2020","262,94","259,07","262,94","246,38","1,50%"
"14.06.2020","259,07","261,01","263,93","202,67","-0,74%"
"07.06.2020","260,99","202,67","270,71","202,67","28,76%"
"31.05.2020","202,70","279,82","279,82","202,70","-28,82%"
"24.05.2020","284,79","304,01","304,02","265,58","-6,32%"
"17.05.2020","304,01","337,88","337,88","294,30","-10,03%"
"10.05.2020","337,89","318,38","338,17","309,10","9,33%"
"03.05.2020","309,05","289,20","323,47","289,20","-1,41%"
"26.04.2020","313,47","361,68","366,65","298,91","-13,32%"
"19.04.2020","361,62","284,48","361,62","284,48","27,13%"
"12.04.2020","284,44","255,18","294,16","255,18","11,47%"
"05.04.2020","255,18","347,24","347,24","226,04","-26,48%"
"29.03.2020","347,10","226,04","347,10","226,04","33,60%"
"22.03.2020","259,81","327,36","360,56","221,19","-23,70%"
"15.03.2020","340,53","251,05","376,53","251,05","36,80%"
"08.03.2020","248,92","142,14","290,10","142,14","75,11%"
"01.03.2020","142,15","133,29","142,15","110,49","5,56%"
"23.02.2020","134,66","93,11","134,66","93,11","44,86%"
"16.02.2020","92,96","93,10","93,26","92,06","-0,32%"
"09.02.2020","93,26","100,98","100,98","93,26","-7,06%"
"02.02.2020","100,34","104,91","104,91","96,05","-4,04%"
"26.01.2020","104,56","101,96","106,87","96,06","2,61%"
"19.01.2020","101,90","98,03","101,90","97,88","4,11%"
"12.01.2020","97,88","99,01","101,08","97,04","-0,94%"
"05.01.2020","98,81","99,01","99,01","97,04","-0,57%"
"29.12.2019","99,38","100,00","100,00","97,45","-0,59%"
"22.12.2019","99,97","103,93","103,93","99,97","-3,49%"
"15.12.2019","103,58","100,98","103,93","96,80","2,79%"
"08.12.2019","100,77","117,42","117,42","100,77","-14,18%"
"01.12.2019","117,42","124,52","124,92","117,42","-5,41%"
"24.11.2019","124,14","123,54","124,14","123,36","0,06%"
"17.11.2019","124,06","121,57","128,41","121,57","2,08%"
"10.11.2019","121,53","117,64","122,51","117,18","3,71%"
"03.11.2019","117,18","116,67","118,61","114,72","0,44%"
"27.10.2019","116,67","118,62","121,51","116,67","-1,72%"
"20.10.2019","118,71","128,39","128,39","118,71","-7,84%"
"13.10.2019","128,81","133,37","133,37","128,81","-3,42%"
"06.10.2019","133,37","137,22","143,03","133,37","-2,79%"
"29.09.2019","137,20","138,18","138,74","136,22","0,01%"
"22.09.2019","137,19","130,31","137,19","130,31","5,17%"
"15.09.2019","130,44","119,68","130,44","118,04","5,99%"
"08.09.2019","123,07","123,57","124,60","119,66","-0,34%"
"01.09.2019","123,49","134,34","134,35","123,49","-7,62%"
"25.08.2019","133,68","139,18","141,23","133,68","-2,27%"
"18.08.2019","136,78","140,14","140,14","135,36","-0,50%"
"11.08.2019","137,47","129,48","141,29","129,48","5,70%"
"04.08.2019","130,06","132,35","142,97","129,46","-1,63%"
"28.07.2019","132,22","123,06","132,22","123,06","7,36%"
"21.07.2019","123,16","129,40","129,40","123,16","-3,56%"
"14.07.2019","127,70","126,99","129,47","126,99","-0,04%"
"07.07.2019","127,75","144,25","144,25","127,75","-11,71%"
"30.06.2019","144,69","149,35","149,35","144,69","-3,01%"
"23.06.2019","149,18","149,05","152,93","149,05","0,14%"
"16.06.2019","148,97","161,60","164,13","147,64","-9,24%"
"09.06.2019","164,14","171,56","171,56","161,60","-2,29%"
"02.06.2019","167,98","178,12","178,12","167,98","-5,72%"
"26.05.2019","178,18","178,37","179,26","177,72","-0,01%"
"19.05.2019","178,20","184,18","184,18","175,47","-3,13%"
"12.05.2019","183,95","170,52","183,95","170,52","7,66%"
"05.05.2019","170,86","168,49","175,30","168,49","0,84%"
"28.04.2019","169,43","174,30","174,30","169,43","-2,65%"
"21.04.2019","174,05","170,47","176,25","167,51","2,20%"
"14.04.2019","170,31","169,60","170,47","166,60","0,50%"
"07.04.2019","169,46","169,46","169,58","166,50","-0,23%"
"31.03.2019","169,85","174,40","174,40","167,61","-2,68%"
"24.03.2019","174,53","178,02","186,91","170,46","-1,52%"
"17.03.2019","177,23","154,93","177,23","148,11","14,67%"
"10.03.2019","154,56","162,80","162,80","154,01","-5,47%"
"03.03.2019","163,50","156,97","165,70","154,90","4,52%"
"24.02.2019","156,43","164,76","164,76","152,84","-3,09%"
"17.02.2019","161,42","161,76","164,94","161,42","-0,28%"
"10.02.2019","161,88","171,47","173,49","161,88","-5,45%"
"03.02.2019","171,21","165,69","171,21","160,27","3,90%"
"27.01.2019","164,78","169,56","171,01","164,10","-2,92%"
"20.01.2019","169,73","170,50","175,24","169,73","-0,67%"
"13.01.2019","170,87","198,29","198,29","170,87","-6,27%"
"06.01.2019","182,30","187,24","187,24","177,94","-3,48%"
"30.12.2018","188,87","206,35","206,35","188,87","-8,64%"
"23.12.2018","206,74","207,26","212,51","206,74","-0,38%"
"16.12.2018","207,52","207,26","207,52","194,90","5,56%"
"09.12.2018","196,59","207,25","207,26","196,59","-4,64%"
"02.12.2018","206,15","208,23","219,62","206,15","-0,63%"
"25.11.2018","207,46","215,02","219,62","207,25","-2,95%"
"18.11.2018","213,77","204,98","214,16","204,98","4,80%"
"11.11.2018","203,98","198,40","205,68","197,93","3,13%"
"04.11.2018","197,78","194,68","198,50","191,65","1,38%"
"28.10.2018","195,08","205,10","209,19","195,08","-5,58%"
"21.10.2018","206,61","213,10","214,86","206,61","-2,54%"
"14.10.2018","212,00","221,92","221,92","207,81","-4,43%"
"07.10.2018","221,82","242,38","242,38","218,03","-8,31%"
"30.09.2018","241,93","258,48","262,50","238,55","-5,17%"
"23.09.2018","255,11","258,49","265,30","252,68","-0,77%"
"16.09.2018","257,10","280,68","280,68","257,10","-8,55%"
"09.09.2018","281,13","275,84","284,56","275,62","2,14%"
"02.09.2018","275,25","299,89","304,92","275,25","-7,93%"
"26.08.2018","298,97","282,34","298,97","278,53","7,18%"
"19.08.2018","278,93","236,40","278,93","236,40","17,91%"
"12.08.2018","236,57","235,20","243,46","232,17","0,57%"
"05.08.2018","235,24","209,11","235,24","209,11","12,47%"
"29.07.2018","209,16","207,69","213,99","207,69","0,80%"
"22.07.2018","207,50","221,82","222,58","207,50","-6,55%"
"15.07.2018","222,04","239,04","241,68","222,04","-7,35%"
"08.07.2018","239,65","246,68","250,56","238,11","-3,40%"
"01.07.2018","248,09","268,96","269,46","209,67","-7,42%"
"24.06.2018","267,98","256,40","267,98","256,40","4,28%"
"17.06.2018","256,97","266,94","272,19","256,97","-3,70%"
"10.06.2018","266,84","248,64","266,88","248,64","7,93%"
"03.06.2018","247,23","234,24","252,47","226,51","5,31%"
"27.05.2018","234,76","190,47","234,76","189,83","23,67%"
"20.05.2018","189,83","202,11","202,11","184,59","-6,09%"
"13.05.2018","202,15","182,75","202,15","182,75","10,65%"
"06.05.2018","182,70","181,77","199,66","180,73","0,82%"
"29.04.2018","181,22","166,67","189,71","166,67","8,26%"
"22.04.2018","167,39","168,67","171,11","167,39","-0,88%"
"15.04.2018","168,87","167,64","168,87","163,29","0,59%"
"08.04.2018","167,88","166,10","168,13","163,54","1,34%"
"01.04.2018","165,66","161,32","165,66","160,37","2,56%"
"25.03.2018","161,53","171,93","171,93","161,53","-5,46%"
"18.03.2018","170,85","155,62","170,85","151,78","17,47%"
"11.03.2018","145,44","155,62","155,62","142,75","1,40%"
"04.03.2018","143,43","155,62","155,62","143,43","-7,52%"
"25.02.2018","155,09","152,65","157,95","147,80","1,61%"
"18.02.2018","152,63","151,69","157,61","150,49","1,42%"
"11.02.2018","150,49","173,03","173,03","150,49","-14,25%"
"04.02.2018","175,50","151,80","175,50","151,30","17,49%"
"28.01.2018","149,37","143,04","149,37","143,04","5,88%"
"21.01.2018","141,08","147,43","149,35","141,08","-5,12%"
"14.01.2018","148,69","144,95","148,69","144,51","2,89%"
"07.01.2018","144,51","144,47","146,44","144,45","-0,16%"
"31.12.2017","144,74","160,02","160,27","144,74","-9,69%"
"24.12.2017","160,27","162,46","162,46","160,27","-1,35%"
"17.12.2017","162,46","164,44","164,44","161,49","-1,75%"
"10.12.2017","165,35","165,37","167,31","163,39","0,31%"
"03.12.2017","164,84","169,23","169,23","160,04","-2,32%"
"26.11.2017","168,75","166,35","170,29","163,42","1,00%"
"19.11.2017","167,08","173,12","173,19","167,08","-3,46%"
"12.11.2017","173,06","179,49","183,24","173,06","-2,90%"
"05.11.2017","178,23","172,15","178,23","168,72","3,98%"
"29.10.2017","171,41","171,11","171,41","168,23","0,02%"
"22.10.2017","171,37","168,29","177,99","168,29","2,17%"
"15.10.2017","167,73","181,77","181,77","167,68","-5,94%"
"08.10.2017","178,33","183,76","185,62","178,33","-2,93%"
"01.10.2017","183,72","191,47","191,47","181,82","-4,24%"
"24.09.2017","191,86","198,04","201,41","191,86","-2,89%"
"17.09.2017","197,56","175,18","200,08","175,18","11,27%"
"10.09.2017","177,55","179,85","181,97","177,55","-0,79%"
"03.09.2017","178,96","188,63","188,63","178,96","-5,10%"
"27.08.2017","188,58","194,81","198,46","188,58","-2,97%"
"20.08.2017","194,35","199,18","201,34","194,35","-2,18%"
"13.08.2017","198,68","205,85","205,85","195,22","-1,66%"
"06.08.2017","202,03","194,35","205,85","190,64","4,51%"
"30.07.2017","193,31","209,75","209,75","193,31","-8,49%"
"23.07.2017","211,24","207,82","213,80","207,82","1,87%"
"16.07.2017","207,37","219,34","219,82","206,92","-5,66%"
"09.07.2017","219,82","237,72","237,72","219,82","-7,54%"
"02.07.2017","237,74","237,02","241,12","235,74","0,30%"
"25.06.2017","237,03","235,76","238,79","232,39","0,75%"
"18.06.2017","235,26","234,67","241,33","232,16","0,03%"
"11.06.2017","235,18","233,31","235,18","226,42","0,72%"
"04.06.2017","233,50","232,69","235,76","231,89","0,75%"
"28.05.2017","231,76","232,22","233,21","230,83","-0,20%"
"21.05.2017","232,22","241,39","244,28","232,14","-3,75%"
"14.05.2017","241,28","198,93","263,50","193,72","21,53%"
"07.05.2017","198,54","208,58","212,07","198,54","-4,95%"
"30.04.2017","208,87","213,82","214,43","206,72","-2,16%"
"23.04.2017","213,49","219,95","220,45","213,42","-3,14%"
"16.04.2017","220,41","222,32","223,61","220,41","-0,96%"
"09.04.2017","222,55","221,02","222,55","216,96","0,74%"
"02.04.2017","220,92","222,65","222,65","217,85","0,49%"
"26.03.2017","219,84","231,48","231,48","219,84","-4,81%"
"19.03.2017","230,96","228,86","236,73","228,86","10,40%"
"12.03.2017","209,20","228,89","230,86","209,20","-8,59%"
"05.03.2017","228,87","213,50","234,83","213,50","7,19%"
"26.02.2017","213,51","219,03","221,25","211,72","-2,33%"
"19.02.2017","218,60","226,73","227,27","215,19","-3,80%"
"12.02.2017","227,23","221,88","227,23","212,30","2,41%"
"05.02.2017","221,89","234,27","238,23","221,89","-5,53%"
"29.01.2017","234,87","239,83","247,20","234,87","-2,35%"
"22.01.2017","240,51","248,31","248,44","240,51","-3,41%"
"15.01.2017","248,99","245,61","251,21","244,33","1,14%"
"08.01.2017","246,19","253,42","256,64","246,19","-3,07%"
"01.01.2017","253,99","274,38","274,38","250,93","-7,42%"
"25.12.2016","274,36","275,84","276,20","273,05","-0,66%"
"18.12.2016","276,18","285,07","285,07","274,73","-3,46%"
"11.12.2016","286,07","286,44","290,28","284,36","-0,20%"
"04.12.2016","286,63","307,71","307,71","282,50","-7,18%"
"27.11.2016","308,80","306,11","308,80","289,10","1,86%"
"20.11.2016","303,16","304,76","304,76","291,70","-0,87%"
"13.11.2016","305,82","306,08","315,21","287,96","-0,24%"
"06.11.2016","306,56","276,54","306,64","255,85","10,12%"
"30.10.2016","278,39","268,98","283,66","266,13","3,16%"
"23.10.2016","269,87","254,73","269,87","253,88","5,62%"
"16.10.2016","255,50","262,35","264,04","255,50","-2,89%"
"09.10.2016","263,11","264,04","264,96","256,46","-0,67%"
"02.10.2016","264,89","265,89","271,65","259,33","-0,38%"
"25.09.2016","265,89","267,82","274,36","260,19","-0,88%"
"18.09.2016","268,26","267,72","279,06","260,98","-0,08%"
"11.09.2016","268,47","251,49","271,76","247,55","6,51%"
"04.09.2016","252,05","251,42","252,05","238,45","0,00%"
"28.08.2016","252,05","253,26","255,82","250,83","-0,94%"
"21.08.2016","254,44","248,14","256,90","248,14","2,37%"
"14.08.2016","248,55","250,93","250,93","245,49","-1,49%"
"07.08.2016","252,31","261,78","264,37","252,11","-4,05%"
"31.07.2016","262,96","282,37","287,35","262,96","-7,21%"
"24.07.2016","283,39","277,94","289,25","277,94","1,45%"
"17.07.2016","279,33","283,60","283,67","279,33","-3,97%"
"10.07.2016","290,89","297,92","297,92","286,40","-3,13%"
"03.07.2016","300,28","303,96","315,08","303,96","-6,36%"
"26.06.2016","320,69","337,32","337,32","306,21","-4,25%"
"19.06.2016","334,93","322,67","334,93","316,95","1,30%"
"12.06.2016","330,62","344,95","349,16","330,62","-2,15%"
"05.06.2016","337,87","328,38","337,87","317,81","2,89%"
"29.05.2016","328,38","341,56","354,80","328,38","-3,86%"
"22.05.2016","341,56","344,94","352,77","340,68","0,83%"
"15.05.2016","338,74","320,66","348,34","319,78","5,64%"
"08.05.2016","320,66","330,62","338,96","315,30","-3,01%"
"01.05.2016","330,62","330,82","337,79","327,40","-0,06%"
"24.04.2016","330,82","349,49","351,04","325,63","-5,34%"
"17.04.2016","349,49","336,21","349,49","326,21","3,95%"
"10.04.2016","336,21","389,07","389,07","327,19","-10,11%"
"03.04.2016","374,03","351,57","389,07","351,57","6,39%"
"27.03.2016","351,57","382,36","382,36","345,98","-8,05%"
"20.03.2016","382,36","351,13","382,46","351,13","8,89%"
"13.03.2016","351,14","375,27","416,93","351,14","-6,67%"
"06.03.2016","376,23","395,75","399,05","376,23","-4,93%"
"28.02.2016","395,75","446,30","446,30","395,75","-11,33%"
"21.02.2016","446,30","457,59","457,59","435,07","-2,47%"
"14.02.2016","457,59","482,03","482,03","457,59","-5,07%"
"07.02.2016","482,03","456,84","495,45","456,84","5,51%"
"31.01.2016","456,84","462,63","478,91","455,86","-1,25%"
"24.01.2016","462,63","468,80","485,31","459,67","-1,32%"
"17.01.2016","468,80","491,73","492,07","468,80","-4,66%"
"10.01.2016","491,73","480,80","491,73","473,49","2,27%"
"03.01.2016","480,80","488,99","496,35","469,15","-1,67%"
"27.12.2015","488,99","482,58","488,99","481,20","1,33%"
"20.12.2015","482,57","490,28","505,76","482,52","-1,57%"
"13.12.2015","490,28","485,73","490,28","444,29","0,94%"
"06.12.2015","485,73","435,14","485,73","435,14","11,63%"
"29.11.2015","435,12","415,31","442,07","415,31","4,74%"
"22.11.2015","415,42","388,67","415,42","388,67","6,90%"
"15.11.2015","388,62","410,36","412,11","387,95","-8,99%"
"08.11.2015","426,99","393,84","426,99","393,84","6,36%"
"01.11.2015","401,45","429,67","429,67","385,72","-6,57%"
"25.10.2015","429,67","445,24","445,24","429,67","-3,50%"
"18.10.2015","445,24","437,80","475,62","437,80","2,27%"
"11.10.2015","435,37","413,10","441,85","410,79","5,97%"
"04.10.2015","410,84","495,38","495,38","401,87","-21,20%"
"27.09.2015","521,36","489,51","533,73","470,63","6,51%"
"20.09.2015","489,51","390,34","489,51","390,34","25,41%"
"13.09.2015","390,34","388,26","390,34","367,56","-0,65%"
"06.09.2015","392,88","375,05","392,88","365,87","4,73%"
"30.08.2015","375,12","327,16","375,12","327,16","14,69%"
"23.08.2015","327,07","336,71","352,97","320,71","-2,87%"
"16.08.2015","336,74","300,59","336,74","300,59","12,03%"
"09.08.2015","300,57","327,90","327,90","298,75","-8,33%"
"02.08.2015","327,90","282,26","327,90","282,26","13,51%"
"26.07.2015","288,87","293,30","295,36","276,08","-1,49%"
"19.07.2015","293,25","262,49","293,25","262,39","11,72%"
"12.07.2015","262,49","251,86","262,49","246,88","4,25%"
"05.07.2015","251,79","249,87","264,20","249,87","0,76%"
"28.06.2015","249,89","256,09","265,98","249,79","-2,42%"
"21.06.2015","256,09","243,13","256,09","243,13","6,63%"
"14.06.2015","240,17","237,70","246,52","230,69","-0,83%"
"07.06.2015","242,18","248,39","248,39","237,70","-2,31%"
"31.05.2015","247,90","227,59","247,90","227,59","7,31%"
"24.05.2015","231,01","220,46","231,93","220,40","4,79%"
"17.05.2015","220,46","228,90","228,90","218,15","-3,70%"
"10.05.2015","228,93","232,39","232,42","226,41","3,00%"
"03.05.2015","222,26","237,98","239,51","222,26","-6,59%"
"26.04.2015","237,95","220,11","237,95","220,11","8,11%"
"19.04.2015","220,11","235,37","235,37","217,73","-8,97%"
"12.04.2015","241,81","246,17","247,62","229,00","-1,38%"
"05.04.2015","245,19","259,32","259,32","231,45","-5,51%"
"29.03.2015","259,48","285,95","285,95","259,47","-9,26%"
"22.03.2015","285,95","302,42","302,42","276,30","-1,83%"
"15.03.2015","291,29","302,25","304,49","284,66","-3,63%"
"08.03.2015","302,25","249,33","302,25","249,33","19,16%"
"01.03.2015","253,64","234,39","253,64","232,16","7,53%"
"22.02.2015","235,88","238,32","253,75","229,41","0,00%"
"15.02.2015","235,89","235,37","235,89","227,67","0,23%"
"08.02.2015","235,35","228,98","251,46","228,98","2,56%"
"01.02.2015","229,48","227,33","232,98","218,91","7,85%"
"25.01.2015","212,77","193,65","212,77","193,65","9,87%"
"18.01.2015","193,65","205,66","206,00","193,65","-5,84%"
"11.01.2015","205,65","205,03","209,28","201,34","1,85%"
"04.01.2015","201,92","207,94","224,58","201,92","-2,91%"
"28.12.2014","207,97","182,43","207,97","182,43","14,00%"
"21.12.2014","182,43","209,68","209,68","181,50","-0,08%"
"14.12.2014","182,57","209,88","240,61","182,57","-12,65%"
"07.12.2014","209,00","164,30","209,00","164,30","27,84%"
"30.11.2014","163,49","151,56","163,49","151,56","7,86%"
"23.11.2014","151,58","170,66","170,66","151,57","-3,13%"
"16.11.2014","156,48","183,38","186,36","156,48","-14,68%"
"09.11.2014","183,40","169,96","183,40","169,96","7,33%"
"02.11.2014","170,88","152,57","170,88","152,57","12,01%"
"26.10.2014","152,56","160,83","165,73","147,10","-5,14%"
"19.10.2014","160,83","153,28","169,74","153,28","4,94%"
"12.10.2014","153,26","158,59","167,31","153,26","-3,35%"
"05.10.2014","158,57","159,34","159,34","151,86","-8,65%"
"28.09.2014","173,59","175,02","175,44","173,59","6,62%"
"21.09.2014","162,80","158,38","162,80","152,26","14,82%"
"14.09.2014","141,79","145,62","146,18","138,34","-2,63%"
"07.09.2014","145,62","130,49","145,62","130,49","13,72%"
"31.08.2014","128,05","128,37","129,05","123,62","-0,26%"
"24.08.2014","128,38","139,51","139,51","128,38","-7,98%"
"17.08.2014","139,51","144,07","144,07","137,04","-3,17%"
"10.08.2014","144,07","154,18","154,18","144,07","-3,28%"
"03.08.2014","148,95","151,84","162,79","148,45","-1,93%"
"27.07.2014","151,88","136,86","151,88","136,86","10,97%"
"20.07.2014","136,86","138,35","144,37","132,28","-1,08%"
"13.07.2014","138,35","142,23","144,37","141,44","-5,47%"
"06.07.2014","146,36","140,98","146,36","140,30","3,82%"
"29.06.2014","140,98","138,97","141,83","138,97","1,45%"
"22.06.2014","138,97","138,99","138,99","134,39","-0,01%"
"15.06.2014","138,99","135,25","138,99","135,23","2,77%"
"08.06.2014","135,25","133,74","137,19","133,74","1,13%"
"01.06.2014","133,74","139,65","141,31","133,74","-4,32%"
"25.05.2014","139,78","147,75","147,75","138,78","-4,50%"
"18.05.2014","146,37","146,38","150,47","144,38","-0,01%"
"11.05.2014","146,38","144,06","148,58","143,72","1,27%"
"04.05.2014","144,55","141,45","144,55","139,12","2,19%"
"27.04.2014","141,45","148,90","148,90","140,74","-5,00%"
"20.04.2014","148,89","152,94","152,94","146,63","-2,65%"
"13.04.2014","152,94","153,38","153,38","148,73","-0,29%"
"06.04.2014","153,38","161,72","161,72","150,65","-5,16%"
"30.03.2014","161,72","150,20","169,99","150,20","2,32%"
"23.03.2014","158,05","179,03","179,03","155,34","-11,72%"
"16.03.2014","179,04","180,90","181,33","170,06","-1,03%"
"09.03.2014","180,90","170,76","180,90","170,76","5,94%"
"02.03.2014","170,76","170,38","174,94","154,14","0,22%"
"23.02.2014","170,39","177,89","177,89","157,53","-4,22%"
"16.02.2014","177,89","184,80","186,93","177,89","-3,74%"
"09.02.2014","184,80","183,07","190,40","183,07","0,94%"
"02.02.2014","183,07","205,43","207,85","183,07","-10,88%"
"26.01.2014","205,43","208,20","209,10","203,16","-0,38%"
"19.01.2014","206,22","194,64","206,22","192,02","5,95%"
"12.01.2014","194,64","191,83","197,08","191,83","1,46%"
"05.01.2014","191,83","187,25","193,26","185,91","2,45%"
"29.12.2013","187,25","187,29","194,64","172,03","-0,02%"
"22.12.2013","187,29","184,98","187,29","167,48","1,25%"
"15.12.2013","184,98","179,14","184,98","178,92","3,26%"
"08.12.2013","179,14","190,63","190,63","178,04","-6,03%"
"01.12.2013","190,63","203,47","212,64","190,63","-6,31%"
"24.11.2013","203,47","200,57","203,47","195,13","4,27%"
"17.11.2013","195,13","188,27","200,57","184,37","3,64%"
"10.11.2013","188,27","203,30","207,65","188,27","-7,39%"
"03.11.2013","203,30","180,52","203,30","178,81","12,62%"
"27.10.2013","180,52","155,66","180,52","155,66","15,97%"
"20.10.2013","155,66","146,53","155,66","146,53","6,23%"
"13.10.2013","146,53","144,66","146,53","141,59","1,29%"
"06.10.2013","144,66","157,65","157,65","144,66","-8,24%"
"29.09.2013","157,65","175,89","175,89","157,65","-10,37%"
"22.09.2013","175,88","154,08","175,88","154,08","14,15%"
"15.09.2013","154,08","172,97","172,97","146,72","-10,92%"
"08.09.2013","172,97","191,93","191,93","172,97","-9,87%"
"01.09.2013","191,92","207,08","208,42","191,92","-7,38%"
"25.08.2013","207,22","194,19","207,22","194,19","6,72%"
"18.08.2013","194,18","202,62","216,79","194,18","-4,16%"
"11.08.2013","202,61","184,16","202,61","176,68","10,02%"
"04.08.2013","184,16","178,22","188,09","178,08","3,34%"
"28.07.2013","178,21","182,91","188,49","178,21","-2,57%"
"21.07.2013","182,91","158,92","182,91","152,13","15,10%"
"14.07.2013","158,91","184,98","184,98","151,32","-14,09%"
"07.07.2013","184,98","210,52","210,52","184,98","-12,13%"
"30.06.2013","210,52","186,94","210,52","185,66","13,83%"
"23.06.2013","184,94","211,18","213,18","180,15","-12,43%"
"16.06.2013","211,18","146,61","211,18","144,84","44,04%"
"09.06.2013","146,61","151,24","176,78","146,61","-3,06%"
"02.06.2013","151,24","143,18","154,32","141,91","5,80%"
"26.05.2013","142,94","134,20","142,94","134,20","6,55%"
"19.05.2013","134,15","128,98","134,15","128,78","4,01%"
"12.05.2013","128,98","111,27","128,98","111,27","16,01%"
"05.05.2013","111,18","104,94","111,18","104,94","5,93%"
"28.04.2013","104,96","118,94","120,26","104,18","-11,76%"
"21.04.2013","118,94","123,82","124,43","118,93","-3,94%"
"14.04.2013","123,82","118,91","124,25","115,84","4,13%"
"07.04.2013","118,91","129,95","130,32","118,16","-8,50%"
"31.03.2013","129,95","136,34","136,34","131,90","-4,04%"
"24.03.2013","135,42","137,89","137,89","134,59","-1,79%"
"17.03.2013","137,89","130,26","137,89","130,26","5,86%"
"10.03.2013","130,26","130,26","130,26","130,26","4,22%"
"03.03.2013","124,98","124,98","124,98","124,98","-7,13%"
"24.02.2013","134,58","134,58","134,58","134,58","5,61%"
"17.02.2013","127,42","127,42","127,42","127,42","3,06%"
"10.02.2013","123,64","123,64","123,64","123,64","1,60%"
"03.02.2013","121,69","121,69","121,69","121,69","1,08%"
"27.01.2013","120,40","120,40","120,40","120,40","13,02%"
"20.01.2013","106,53","106,53","106,53","106,53","-1,59%"
"13.01.2013","108,25","108,25","108,25","108,25","-3,31%"
"06.01.2013","111,95","111,95","111,95","111,95","11,45%"
"30.12.2012","100,45","100,45","100,45","100,45","-6,77%"
"23.12.2012","107,75","107,75","107,75","107,75","2,94%"
"16.12.2012","104,67","104,67","104,67","104,67","-2,05%"
"09.12.2012","106,86","106,86","106,86","106,86","-2,02%"
"02.12.2012","109,06","109,06","109,06","109,06","-0,35%"
"25.11.2012","109,45","109,45","109,45","109,45","6,18%"
"18.11.2012","103,08","103,08","103,08","103,08","-4,35%"
"11.11.2012","107,77","107,77","107,77","107,77","5,77%"
"04.11.2012","101,89","101,89","101,89","101,89","-5,12%"
"28.10.2012","107,39","107,39","107,39","107,39","-2,30%"
"21.10.2012","109,92","109,92","109,92","109,92","1,36%"
"14.10.2012","108,45","108,45","108,45","108,45","-1,33%"
"07.10.2012","109,91","109,91","109,91","109,91","1,67%"
"30.09.2012","108,11","108,11","108,11","108,11","-7,19%"
"23.09.2012","116,49","116,49","116,49","116,49","14,38%"
"16.09.2012","101,84","101,84","101,84","101,84","1,33%"
"09.09.2012","100,50","100,50","100,50","100,50","-18,80%"
"02.09.2012","123,77","123,77","123,77","123,77","-4,84%"
"26.08.2012","130,06","130,06","130,06","130,06","-0,31%"
"19.08.2012","130,47","130,47","130,47","130,47","0,84%"
"12.08.2012","129,39","129,39","129,39","129,39","1,24%"
"05.08.2012","127,81","127,81","127,81","127,81","-0,50%"
"29.07.2012","128,45","128,45","128,45","128,45","-6,63%"
"22.07.2012","137,57","137,57","137,57","137,57","-2,04%"
"15.07.2012","140,43","140,43","140,43","140,43","-1,92%"
"08.07.2012","143,18","143,18","143,18","143,18","-5,26%"
"01.07.2012","151,13","151,13","151,13","151,13","-0,85%"
"24.06.2012","152,43","152,43","152,43","152,43","2,23%"
"17.06.2012","149,11","149,11","149,11","149,11","-1,53%"
"10.06.2012","151,43","151,43","151,43","151,43","-6,79%"
"03.06.2012","162,46","162,46","162,46","162,46","-4,61%"
"27.05.2012","170,32","170,32","170,32","170,32","6,41%"
"20.05.2012","160,06","160,06","160,06","160,06","6,38%"
"13.05.2012","150,46","150,46","150,46","150,46","15,59%"
"06.05.2012","130,17","130,17","130,17","130,17","6,85%"
"29.04.2012","121,82","121,82","121,82","121,82","-0,79%"
"22.04.2012","122,79","122,79","122,79","122,79","-2,54%"
"15.04.2012","125,99","125,99","125,99","125,99","-2,85%"
"08.04.2012","129,68","129,68","129,68","129,68","4,89%"
"01.04.2012","123,64","123,64","123,64","123,64","2,45%"
"25.03.2012","120,68","120,68","120,68","120,68","0,76%"
"18.03.2012","119,77","119,77","119,77","119,77","-0,61%"
"11.03.2012","120,50","120,50","120,50","120,50","-7,69%"
"04.03.2012","130,54","130,54","130,54","130,54","-1,48%"
"26.02.2012","132,50","132,50","132,50","132,50","-2,26%"
"19.02.2012","135,57","135,57","135,57","135,57","-0,63%"
"12.02.2012","136,43","136,43","136,43","136,43","-2,30%"
"05.02.2012","139,64","139,64","139,64","139,64","1,93%"
"29.01.2012","137,00","137,00","137,00","137,00","-5,72%"
"22.01.2012","145,31","145,31","145,31","145,31","-4,94%"
"15.01.2012","152,86","152,86","152,86","152,86","-5,12%"
"08.01.2012","161,11","161,11","161,11","161,11","1,43%"
"01.01.2012","158,84","158,84","158,84","158,84","-0,36%"
"25.12.2011","159,42","159,42","159,42","159,42","0,10%"
"18.12.2011","159,26","159,26","159,26","159,26","-0,73%"
"11.12.2011","160,43","160,43","160,43","160,43","8,65%"
"04.12.2011","147,66","147,66","147,66","147,66","-5,85%"
"27.11.2011","156,83","156,83","156,83","156,83","-17,15%"
"20.11.2011","189,30","189,30","189,30","189,30","8,71%"
"13.11.2011","174,13","174,13","174,13","174,13","11,08%"
"06.11.2011","156,75","156,75","156,75","156,75","7,42%"
"30.10.2011","145,93","145,93","145,93","145,93","5,79%"
"23.10.2011","137,95","137,95","137,95","137,95","-12,19%"
"16.10.2011","157,10","157,10","157,10","157,10","3,96%"
"09.10.2011","151,12","151,12","151,12","151,12","-16,03%"
"02.10.2011","179,97","179,97","179,97","179,97","-7,28%"
"25.09.2011","194,11","194,11","194,11","194,11","-1,13%"
"18.09.2011","196,34","196,34","196,34","196,34","21,08%"
"11.09.2011","162,16","162,16","162,16","162,16","-1,43%"
"04.09.2011","164,51","164,51","164,51","164,51","7,28%"
"28.08.2011","153,34","153,34","153,34","153,34","-2,81%"
"21.08.2011","157,77","157,77","157,77","157,77","7,64%"
"14.08.2011","146,57","146,57","146,57","146,57","-2,72%"
"07.08.2011","150,67","150,67","150,67","150,67","17,82%"
"31.07.2011","127,88","127,88","127,88","127,88","12,38%"
"24.07.2011","113,79","113,79","113,79","113,79","1,10%"
"17.07.2011","112,55","112,55","112,55","112,55","-2,85%"
"10.07.2011","115,85","115,85","115,85","115,85","6,38%"
"03.07.2011","108,90","108,90","108,90","108,90","-0,97%"
"26.06.2011","109,97","109,97","109,97","109,97","-5,49%"
"19.06.2011","116,35","116,35","116,35","116,35","2,46%"
"12.06.2011","113,56","113,56","113,56","113,56","1,34%"
"05.06.2011","112,06","112,06","112,06","112,06","4,41%"
"29.05.2011","107,32","107,32","107,32","107,32","0,94%"
"22.05.2011","106,33","106,33","106,33","106,33","4,90%"
"15.05.2011","101,36","101,36","101,36","101,36","-0,97%"
"08.05.2011","102,36","102,36","102,36","102,36","-1,42%"
"01.05.2011","103,83","103,83","103,83","103,83","-1,89%"
"24.04.2011","105,83","105,83","105,83","105,83","-2,37%"
"17.04.2011","108,40","108,40","108,40","108,40","1,62%"
"10.04.2011","106,68","106,68","106,68","106,68","3,35%"
"03.04.2011","103,22","103,22","103,22","103,22","-4,70%"
"27.03.2011","108,31","108,31","108,31","108,31","-4,72%"
"20.03.2011","113,68","113,68","113,68","113,68","-2,15%"
"13.03.2011","116,18","116,18","116,18","116,18","2,42%"
"06.03.2011","113,44","113,44","113,44","113,44","-1,19%"
"27.02.2011","114,80","114,80","114,80","114,80","-2,54%"
"20.02.2011","117,79","117,79","117,79","117,79","2,72%"
"13.02.2011","114,68","114,68","114,68","114,68","-5,57%"
"06.02.2011","121,44","121,44","121,44","121,44","7,16%"
"30.01.2011","113,32","113,32","113,32","113,32","-6,25%"
"23.01.2011","120,88","120,88","120,88","120,88","11,37%"
"16.01.2011","108,54","108,54","108,54","108,54","1,36%"
"09.01.2011","107,08","107,08","107,08","107,08","-2,91%"
"02.01.2011","110,29","110,29","110,29","110,29","0,69%"
"26.12.2010","109,53","109,53","109,53","109,53","-3,67%"
"19.12.2010","113,70","113,70","113,70","113,70","-0,69%"
"12.12.2010","114,49","114,49","114,49","114,49","3,27%"
"05.12.2010","110,87","110,87","110,87","110,87","-0,34%"
"28.11.2010","111,25","111,25","111,25","111,25","-3,64%"
"21.11.2010","115,45","115,45","115,45","115,45","7,13%"
"14.11.2010","107,77","107,77","107,77","107,77","3,24%"
"07.11.2010","104,39","104,39","104,39","104,39","12,72%"
"31.10.2010","92,61","92,61","92,61","92,61","-7,53%"
"24.10.2010","100,15","100,15","100,15","100,15","0,05%"
"17.10.2010","100,10","100,10","100,10","100,10","6,32%"
"10.10.2010","94,15","94,15","94,15","94,15","-5,56%"
"03.10.2010","99,69","99,69","99,69","99,69","-12,10%"
"26.09.2010","113,41","113,41","113,41","113,41","-3,63%"
"19.09.2010","117,68","117,68","117,68","117,68","-0,46%"
"12.09.2010","118,22","118,22","118,22","118,22","-5,63%"
"05.09.2010","125,27","125,27","125,27","125,27","5,87%"
"29.08.2010","118,32","118,32","118,32","118,32","-8,07%"
"22.08.2010","128,70","128,70","128,70","128,70","6,44%"
"15.08.2010","120,91","120,91","120,91","120,91","2,65%"
"08.08.2010","117,79","117,79","117,79","117,79","1,97%"
"01.08.2010","115,51","115,51","115,51","115,51","-1,32%"
"25.07.2010","117,06","117,06","117,06","117,06","-2,51%"
"18.07.2010","120,08","120,08","120,08","120,08","-4,40%"
"11.07.2010","125,61","125,61","125,61","125,61","-2,85%"
"04.07.2010","129,30","129,30","129,30","129,30","-8,18%"
"27.06.2010","140,82","140,82","140,82","140,82","6,40%"
"20.06.2010","132,35","132,35","132,35","132,35","3,91%"
"13.06.2010","127,37","127,37","127,37","127,37","-9,39%"
"06.06.2010","140,57","140,57","140,57","140,57","-1,80%"
"30.05.2010","143,14","143,14","143,14","143,14","5,10%"
"23.05.2010","136,20","136,20","136,20","136,20","-7,92%"
"16.05.2010","147,91","147,91","147,91","147,91","12,66%"
"09.05.2010","131,29","131,29","131,29","131,29","-15,84%"
"02.05.2010","156,01","156,01","156,01","156,01","26,10%"
"25.04.2010","123,72","123,72","123,72","123,72","6,06%"
"18.04.2010","116,65","116,65","116,65","116,65","1,33%"
"11.04.2010","115,12","115,12","115,12","115,12","-7,95%"
"04.04.2010","125,06","125,06","125,06","125,06","-0,84%"
"28.03.2010","126,13","126,13","126,13","126,13","-0,74%"
"21.03.2010","127,06","127,06","127,06","127,06","6,72%"
"14.03.2010","119,06","119,06","119,06","119,06","3,03%"
"07.03.2010","115,56","115,56","115,56","115,56","-5,71%"
"28.02.2010","122,56","122,56","122,56","122,56","-5,04%"
"21.02.2010","129,06","129,06","129,06","129,06","-1,90%"
"14.02.2010","131,56","131,56","131,56","131,56","-6,07%"
"07.02.2010","140,06","140,06","140,06","140,06","-6,35%"
"31.01.2010","149,56","149,56","149,56","149,56","4,18%"
"24.01.2010","143,56","143,56","143,56","143,56","5,90%"
"17.01.2010","135,56","135,56","135,56","135,56","5,04%"
"10.01.2010","129,06","129,06","129,06","129,06","11,20%"
"03.01.2010","116,06","116,06","116,06","116,06","-4,92%"
"27.12.2009","122,06","122,06","122,06","122,06","0,12%"
"20.12.2009","121,91","121,91","121,91","121,91","-4,68%"
"13.12.2009","127,89","127,89","127,89","127,89","2,79%"
"06.12.2009","124,42","124,42","124,42","124,42","1,22%"
"29.11.2009","122,92","122,92","122,92","122,92","-4,65%"
"22.11.2009","128,92","128,92","128,92","128,92","6,18%"
"15.11.2009","121,42","121,42","121,42","121,42","-1,62%"
"08.11.2009","123,42","123,42","123,42","123,42","-7,79%"
"01.11.2009","133,84","133,84","133,84","133,84","-2,96%"
"25.10.2009","137,92","137,92","137,92","137,92","8,22%"
"18.10.2009","127,44","127,44","127,44","127,44","9,09%"
"11.10.2009","116,82","116,82","116,82","116,82","3,65%"
"04.10.2009","112,71","112,71","112,71","112,71","-14,07%"
"27.09.2009","131,16","131,16","131,16","131,16","0,22%"
"20.09.2009","130,87","130,87","130,87","130,87","13,62%"
"13.09.2009","115,18","115,18","115,18","115,18","-6,87%"
"06.09.2009","123,68","123,68","123,68","123,68","-5,72%"
"30.08.2009","131,18","131,18","131,18","131,18","0,00%"
"23.08.2009","131,18","131,18","131,18","131,18","6,34%"
"16.08.2009","123,36","123,36","123,36","123,36","-8,91%"
"09.08.2009","135,43","135,43","135,43","135,43","16,82%"
"02.08.2009","115,93","115,93","115,93","115,93","-12,62%"
"26.07.2009","132,68","132,68","132,68","132,68","-9,19%"
"19.07.2009","146,11","146,11","146,11","146,11","-19,21%"
"12.07.2009","180,86","180,86","180,86","180,86","-7,99%"
"05.07.2009","196,57","196,57","196,57","196,57","5,20%"
"28.06.2009","186,86","186,86","186,86","186,86","0,33%"
"21.06.2009","186,24","186,24","186,24","186,24","-3,68%"
"14.06.2009","193,36","193,36","193,36","193,36","7,88%"
"07.06.2009","179,24","179,24","179,24","179,24","-1,10%"
"31.05.2009","181,24","181,24","181,24","181,24","-5,79%"
"24.05.2009","192,37","192,37","192,37","192,37","-7,09%"
"17.05.2009","207,04","207,04","207,04","207,04","-8,27%"
"10.05.2009","225,71","225,71","225,71","225,71","3,40%"
"03.05.2009","218,28","218,28","218,28","218,28","-20,42%"
"26.04.2009","274,28","274,28","274,28","274,28","-2,83%"
"19.04.2009","282,28","282,28","282,28","282,28","2,92%"
"12.04.2009","274,28","274,28","274,28","274,28","1,19%"
"05.04.2009","271,06","271,06","271,06","271,06","-5,23%"
"29.03.2009","286,03","286,03","286,03","286,03","-11,64%"
"22.03.2009","323,71","323,71","323,71","323,71","-9,84%"
"15.03.2009","359,04","359,04","359,04","359,04","-2,36%"
"08.03.2009","367,71","367,71","367,71","367,71","-12,67%"
"01.03.2009","421,06","421,06","421,06","421,06","5,52%"
"22.02.2009","399,04","399,04","399,04","399,04","0,76%"
"15.02.2009","396,04","396,04","396,04","396,04","7,03%"
"08.02.2009","370,04","370,04","370,04","370,04","3,74%"
"01.02.2009","356,71","356,71","356,71","356,71","2,93%"
"25.01.2009","346,56","346,56","346,56","346,56","-0,71%"
"18.01.2009","349,04","349,04","349,04","349,04","5,22%"
"11.01.2009","331,71","331,71","331,71","331,71","8,63%"
"04.01.2009","305,37","305,37","305,37","305,37","0,93%"
"28.12.2008","302,56","302,56","302,56","302,56","-1,63%"
"21.12.2008","307,56","307,56","307,56","307,56","1,21%"
"14.12.2008","303,87","303,87","303,87","303,87","-20,50%"
"07.12.2008","382,21","382,21","382,21","382,21","-6,06%"
"30.11.2008","406,87","406,87","406,87","406,87","26,43%"
"23.11.2008","321,81","321,81","321,81","321,81","-25,21%"
"16.11.2008","430,31","430,31","430,31","430,31","19,43%"
"09.11.2008","360,31","360,31","360,31","360,31","13,91%"
"02.11.2008","316,31","316,31","316,31","316,31","-5,54%"
"26.10.2008","334,87","334,87","334,87","334,87","-44,77%"
"19.10.2008","606,31","606,31","606,31","606,31","87,64%"
"12.10.2008","323,13","323,13","323,13","323,13","0,44%"
"05.10.2008","321,71","321,71","321,71","321,71","54,62%"
"28.09.2008","208,06","208,06","208,06","208,06","24,54%"
"21.09.2008","167,06","167,06","167,06","167,06","37,33%"
"14.09.2008","121,65","121,65","121,65","121,65","0,00%"
"07.09.2008","121,65","121,65","121,65","121,65","0,00%"
"31.08.2008","121,65","121,65","121,65","121,65","0,00%"
"24.08.2008","121,65","121,65","121,65","121,65","0,00%"
"17.08.2008","121,65","121,65","121,65","121,65","0,00%"
"10.08.2008","121,65","121,65","121,65","121,65","0,00%"
"03.08.2008","121,65","121,65","121,65","121,65","0,00%"
"27.07.2008","121,65","121,65","121,65","121,65","0,00%"
"20.07.2008","121,65","121,65","121,65","121,65","0,00%"
"13.07.2008","121,65","121,65","121,65","121,65","0,00%"
"06.07.2008","121,65","121,65","121,65","121,65","0,00%"
"29.06.2008","121,65","121,65","121,65","121,65","0,00%"
"22.06.2008","121,65","121,65","121,65","121,65","0,00%"
"15.06.2008","121,65","121,65","121,65","121,65","0,00%"
"08.06.2008","121,65","121,65","121,65","121,65","0,00%"
"01.06.2008","121,65","121,65","121,65","121,65","0,00%"
"25.05.2008","121,65","121,65","121,65","121,65","0,00%"
"18.05.2008","121,65","121,65","121,65","121,65","0,00%"
"11.05.2008","121,65","121,65","121,65","121,65","0,00%"
"04.05.2008","121,65","121,65","121,65","121,65","0,00%"
"27.04.2008","121,65","121,65","121,65","121,65","0,00%"
"20.04.2008","121,65","121,65","121,65","121,65","-5,81%"
"13.04.2008","129,15","129,15","129,15","129,15","-10,41%"
"06.04.2008","144,15","144,15","144,15","144,15","-2,04%"
"30.03.2008","147,15","147,15","147,15","147,15","-12,49%"
"23.03.2008","168,15","168,15","168,15","168,15","-5,08%"
"16.03.2008","177,15","177,15","177,15","177,15","-8,52%"
"09.03.2008","193,65","193,65","193,65","193,65","17,61%"
"02.03.2008","164,65","164,65","164,65","164,65","8,93%"
"24.02.2008","151,15","151,15","151,15","151,15","31,09%"
"17.02.2008","115,30","115,30","115,30","115,30","0,00%"
"10.02.2008","115,30","115,30","115,30","115,30","0,00%"
"03.02.2008","115,30","115,30","115,30","115,30","0,00%"
"27.01.2008","115,30","115,30","115,30","115,30","0,00%"
"20.01.2008","115,30","115,30","115,30","115,30","0,00%"
"13.01.2008","115,30","115,30","115,30","115,30","0,00%"
"06.01.2008","115,30","115,30","115,30","115,30","-0,86%"
"30.12.2007","116,30","116,30","116,30","116,30","8,39%"
"23.12.2007","107,30","107,30","107,30","107,30","0,00%"