date,dict_fsi,ml_fsi,news_fsi,combined_fsi
2002-06-17,,,0.1699603864122029,0.1699603864122029
2002-06-24,,,0.2552782193173133,0.2552782193173133
2002-07-01,,,0.0,0.0
2002-07-08,,,0.0,0.0
2002-07-15,,,0.4082482904638631,0.4082482904638631
2002-07-22,,,0.1443375672974064,0.1443375672974064
2002-07-29,,,0.0,0.0
2002-08-05,,,0.1070380875313477,0.1070380875313477
2002-08-12,,,0.0,0.0
2002-08-19,,,0.0,0.0
2002-08-26,,,0.1642664266089148,0.1642664266089148
2002-09-02,,,0.2239043944193556,0.2239043944193556
2002-09-09,,,0.0415945165403851,0.0415945165403851
2002-09-16,,,0.1700264177726983,0.1700264177726983
2002-09-23,,,0.0,0.0
2002-09-30,,,0.0,0.0
2002-10-07,,,0.2441224019560975,0.2441224019560975
2002-10-14,,,0.1192604997864191,0.1192604997864191
2002-10-21,,,0.0781526563351552,0.0781526563351552
2002-10-28,,,0.1307811637710428,0.1307811637710428
2002-11-04,,,0.2302480299770221,0.2302480299770221
2002-11-11,,,0.1328943158651457,0.1328943158651457
2002-11-18,,,0.1707775121311826,0.1707775121311826
2002-11-25,,,0.0949403964545651,0.0949403964545651
2002-12-02,,,0.1228706180418343,0.1228706180418343
2002-12-09,,,0.0903727996883312,0.0903727996883312
2002-12-16,,,0.1143298272179677,0.1143298272179677
2002-12-23,,,0.1615660542940726,0.1615660542940726
2002-12-30,,,0.0743576690553387,0.0743576690553387
2003-06-02,,,0.0641500299099584,0.0641500299099584
2003-06-09,,,0.1534614431529487,0.1534614431529487
2003-06-16,,,0.1190268964322245,0.1190268964322245
2003-06-23,,,0.0938832193642575,0.0938832193642575
2003-06-30,,,0.0962250448649376,0.0962250448649376
2003-07-07,,,0.1950083285868333,0.1950083285868333
2003-07-14,,,0.1397305062252097,0.1397305062252097
2003-07-21,,,0.0524863881081478,0.0524863881081478
2003-07-28,,,0.2237367749044298,0.2237367749044298
2003-08-04,,,0.0857042225785642,0.0857042225785642
2003-08-11,,,0.0,0.0
2003-08-18,,,0.0372484044638468,0.0372484044638468
2003-08-25,,,0.101029148381054,0.101029148381054
2003-09-01,,,0.1182742052086398,0.1182742052086398
2003-09-08,,,0.0679235610811324,0.0679235610811324
2003-09-15,,,0.0134267504462703,0.0134267504462703
2003-09-22,,,0.1913551140023409,0.1913551140023409
2003-09-29,,,0.1081105850026933,0.1081105850026933
2003-10-06,,,0.2241772501001929,0.2241772501001929
2003-10-13,,,0.1865220736764001,0.1865220736764001
2003-10-20,,,0.1052447111925036,0.1052447111925036
2003-10-27,,,0.0806840572897249,0.0806840572897249
2003-11-03,,,0.1597043513626789,0.1597043513626789
2003-11-10,,,0.1336207195555582,0.1336207195555582
2003-11-17,,,0.1294047245929919,0.1294047245929919
2003-11-24,,,0.1426767344059068,0.1426767344059068
2003-12-01,,,0.079734432016043,0.079734432016043
2003-12-08,,,0.0964359581020906,0.0964359581020906
2003-12-15,,,0.1027380551176804,0.1027380551176804
2003-12-22,,,0.0349268648215223,0.0349268648215223
2003-12-29,,,0.0924582668375322,0.0924582668375322
2004-01-05,,,0.0,0.0
2004-01-12,,,0.0,0.0
2004-01-19,,,0.2566001196398337,0.2566001196398337
2004-01-26,,,0.0,0.0
2004-02-02,,,0.0,0.0
2004-02-09,,,0.0,0.0
2004-02-16,,,0.0,0.0
2004-02-23,,,0.0,0.0
2004-03-01,,,0.0641500299099584,0.0641500299099584
2004-03-08,,,0.0,0.0
2004-03-15,,,0.0,0.0
2004-03-22,,,0.0,0.0
2004-03-29,,,0.1020620726159657,0.1020620726159657
2004-04-05,,,0.0,0.0
2004-04-12,,,0.0,0.0
2004-04-19,,,0.0,0.0
2004-04-26,,,0.0,0.0
2004-05-03,,,0.1642664266089148,0.1642664266089148
2004-05-10,,,0.0,0.0
2004-05-17,,,0.0,0.0
2004-05-24,,,0.0,0.0
2004-05-31,,,0.0,0.0
2004-06-07,,,0.0,0.0
2004-06-14,,,0.0371134809512602,0.0371134809512602
2004-06-21,,,0.0,0.0
2004-06-28,,,0.0657065706435659,0.0657065706435659
2004-07-05,,,0.1166423687039608,0.1166423687039608
2004-07-12,,,0.0,0.0
2004-07-19,,,0.0272165526975908,0.0272165526975908
2004-07-26,,,0.0,0.0
2004-08-02,,,0.0,0.0
2004-08-09,,,0.0444115591684327,0.0444115591684327
2004-08-16,,,0.0170103454359942,0.0170103454359942
2004-08-23,,,0.2371542550462883,0.2371542550462883
2004-08-30,,,0.1809768664910276,0.1809768664910276
2004-09-06,,,0.1174413725064591,0.1174413725064591
2004-09-13,,,0.1364740502034458,0.1364740502034458
2004-09-20,,,0.0444115591684327,0.0444115591684327
2004-09-27,,,0.1499626863785667,0.1499626863785667
2004-10-04,,,0.1377927078000122,0.1377927078000122
2004-10-11,,,0.1328352663317551,0.1328352663317551
2004-10-18,,,0.1441710349313816,0.1441710349313816
2004-10-25,,,0.1453826208064101,0.1453826208064101
2004-11-01,,,0.12376556196379,0.12376556196379
2004-11-08,,,0.1242295601126382,0.1242295601126382
2004-11-15,,,0.1242844700389941,0.1242844700389941
2004-11-22,,,0.1003808893190962,0.1003808893190962
2004-11-29,,,0.0889759578155926,0.0889759578155926
2004-12-06,,,0.1291528061055695,0.1291528061055695
2004-12-13,,,0.1064228189957416,0.1064228189957416
2004-12-20,,,0.1145360813002648,0.1145360813002648
2004-12-27,,,0.1550186380897479,0.1550186380897479
2005-01-03,,,0.0,0.0
2005-01-10,,,0.1360827634879543,0.1360827634879543
2005-01-17,,,0.0,0.0
2005-01-24,,,0.0,0.0
2005-01-31,,,0.0,0.0
2005-02-07,,,0.4927992798267444,0.4927992798267444
2005-02-14,,,0.2886751345948129,0.2886751345948129
2005-02-21,,,0.0,0.0
2005-02-28,,,0.0,0.0
2005-03-07,,,0.0,0.0
2005-03-21,,,0.2041241452319315,0.2041241452319315
2005-03-28,,,0.0,0.0
2005-04-04,,,0.0,0.0
2005-04-11,,,0.6454972243679029,0.6454972243679029
2005-04-18,,,0.2323078083528919,0.2323078083528919
2005-04-25,,,0.1924500897298753,0.1924500897298753
2005-05-09,,,0.0,0.0
2005-05-16,,,0.0,0.0
2005-05-23,,,0.0,0.0
2005-05-30,,,0.0,0.0
2005-06-06,,,0.0,0.0
2005-06-13,,,0.0,0.0
2005-06-20,,,0.0,0.0
2005-06-27,,,0.2041241452319315,0.2041241452319315
2005-07-04,,,0.6882810364301323,0.6882810364301323
2005-07-11,,,0.2135975797810068,0.2135975797810068
2005-07-18,,,0.1847610279275271,0.1847610279275271
2005-07-25,,,0.4009089104899967,0.4009089104899967
2005-08-01,,,0.2681575683074005,0.2681575683074005
2005-08-08,,,0.0856119639213096,0.0856119639213096
2005-08-15,,,0.2437619057420766,0.2437619057420766
2005-08-22,,,0.2577158632210434,0.2577158632210434
2005-08-29,,,0.0942485154915958,0.0942485154915958
2005-09-05,,,0.2143237237163619,0.2143237237163619
2005-09-12,,,0.0632261770809832,0.0632261770809832
2005-09-19,,,0.1344268427960678,0.1344268427960678
2005-09-26,,,0.2042597881092235,0.2042597881092235
2005-10-03,,,0.0481125224324688,0.0481125224324688
2005-10-10,,,0.2236359120079811,0.2236359120079811
2005-10-17,,,0.242188293153941,0.242188293153941
2005-10-24,,,0.1230422892383106,0.1230422892383106
2005-10-31,,,0.0669575975123381,0.0669575975123381
2005-11-07,,,0.219901254505345,0.219901254505345
2005-11-14,,,0.075898215703377,0.075898215703377
2005-11-21,,,0.0974798375457635,0.0974798375457635
2005-11-28,,,0.1181452169489523,0.1181452169489523
2005-12-05,,,0.1598206581782061,0.1598206581782061
2005-12-12,,,0.1310723429139579,0.1310723429139579
2005-12-19,,,0.1373979800688388,0.1373979800688388
2005-12-26,,,0.0870704436450652,0.0870704436450652
2006-01-02,,,0.0,0.0
2006-01-09,,,0.0,0.0
2006-01-23,,,0.0,0.0
2006-01-30,,,0.5773502691896258,0.5773502691896258
2006-02-06,,,0.0,0.0
2006-02-13,,,0.0,0.0
2006-02-20,,,0.0,0.0
2006-02-27,,,0.0,0.0
2006-03-13,,,0.4386502402209702,0.4386502402209702
2006-03-20,,,0.2701950101911104,0.2701950101911104
2006-03-27,,,0.2980944096578616,0.2980944096578616
2006-04-03,,,0.2476005112364598,0.2476005112364598
2006-04-10,,,0.3876192039129874,0.3876192039129874
2006-04-17,,,0.2230710143300821,0.2230710143300821
2006-04-24,,,0.0,0.0
2006-05-01,,,0.1924500897298753,0.1924500897298753
2006-05-08,,,0.3047206724228547,0.3047206724228547
2006-05-15,,,0.1707106781186547,0.1707106781186547
2006-05-22,,,0.2652227465665114,0.2652227465665114
2006-05-29,,,0.1609876377148447,0.1609876377148447
2006-06-05,,,0.3841796294226385,0.3841796294226385
2006-06-12,,,0.1548718722352613,0.1548718722352613
2006-06-19,,,0.0186242022319234,0.0186242022319234
2006-06-26,,,0.1820390991783288,0.1820390991783288
2006-07-03,,,0.0379076369097495,0.0379076369097495
2006-07-10,,,0.162146829287833,0.162146829287833
2006-07-17,,,0.0901047570290607,0.0901047570290607
2006-07-24,,,0.0822604646759534,0.0822604646759534
2006-07-31,,,0.0995604892940965,0.0995604892940965
2006-08-07,,,0.1327709221041813,0.1327709221041813
2006-08-14,,,0.1194766110541927,0.1194766110541927
2006-08-21,,,0.0995604892940965,0.0995604892940965
2006-08-28,,,0.0524863881081478,0.0524863881081478
2006-09-04,,,0.0909883945768359,0.0909883945768359
2006-09-11,,,0.096178106177343,0.096178106177343
2006-09-18,,,0.1639347902513458,0.1639347902513458
2006-09-25,,,0.1464444282849774,0.1464444282849774
2006-10-02,,,0.0320194737618716,0.0320194737618716
2006-10-09,,,0.0739536852072062,0.0739536852072062
2006-10-16,,,0.0259368042014076,0.0259368042014076
2006-10-23,,,0.1005292993693445,0.1005292993693445
2006-10-30,,,0.0325520257853853,0.0325520257853853
2006-11-06,,,0.0631097490741087,0.0631097490741087
2006-11-13,,,0.0475889081954168,0.0475889081954168
2006-11-20,,,0.0652389439005009,0.0652389439005009
2006-11-27,,,0.1306323876205405,0.1306323876205405
2006-12-04,,,0.0439953266173398,0.0439953266173398
2006-12-11,,,0.0784741336578133,0.0784741336578133
2006-12-18,,,0.1501278358170759,0.1501278358170759
2006-12-25,,,0.0134267504462703,0.0134267504462703
2007-01-01,,,0.0,0.0
2007-01-15,,,0.0,0.0
2007-01-22,,,0.0,0.0
2007-01-29,,,0.1154700538379251,0.1154700538379251
2007-02-05,,,0.0,0.0
2007-02-12,,,0.0,0.0
2007-02-19,,,0.0,0.0
2007-02-26,,,0.2085663658352472,0.2085663658352472
2007-03-05,,,0.1428571428571428,0.1428571428571428
2007-03-12,,,0.0824786098842322,0.0824786098842322
2007-03-19,,,0.0,0.0
2007-03-26,,,0.0,0.0
2007-04-02,,,0.0,0.0
2007-04-09,,,0.5102678633516963,0.5102678633516963
2007-04-16,,,0.0,0.0
2007-04-30,,,0.0,0.0
2007-05-14,,,0.0,0.0
2007-05-21,,,0.0,0.0
2007-05-28,,,0.6085806194501846,0.6085806194501846
2007-06-11,,,0.0,0.0
2007-07-02,,,0.4082482904638631,0.4082482904638631
2007-07-09,,,0.0,0.0
2007-07-16,,,0.0,0.0
2007-07-23,,,0.5,0.5
2007-07-30,,,0.0,0.0
2007-08-06,,,0.4082482904638631,0.4082482904638631
2007-08-13,,,0.2323078083528919,0.2323078083528919
2007-08-20,,,0.1692705340840036,0.1692705340840036
2007-08-27,,,0.2,0.2
2007-09-03,,,0.1443375672974064,0.1443375672974064
2007-09-10,,,0.0883883476483184,0.0883883476483184
2007-09-17,,,0.0986980700012896,0.0986980700012896
2007-09-24,,,0.1382334433110472,0.1382334433110472
2007-10-01,,,0.1372613263559303,0.1372613263559303
2007-10-08,,,0.0926118917819958,0.0926118917819958
2007-10-15,,,0.2263975355932915,0.2263975355932915
2007-10-22,,,0.1542034936535683,0.1542034936535683
2007-10-29,,,0.087297273777475,0.087297273777475
2007-11-05,,,0.1530455078048411,0.1530455078048411
2007-11-12,,,0.2019066977511183,0.2019066977511183
2007-11-19,,,0.1945288196255525,0.1945288196255525
2007-11-26,,,0.1015821962858498,0.1015821962858498
2007-12-03,,,0.123435304590245,0.123435304590245
2007-12-10,,,0.1981072148195333,0.1981072148195333
2007-12-17,,,0.1085100467434849,0.1085100467434849
2007-12-24,,,0.1124892270170298,0.1124892270170298
2007-12-31,,,0.0,0.0
2008-01-01,0.2982805880887116,,,0.2982805880887116
2008-02-01,0.0149514079242461,,,0.014951407924246101
2008-02-29,,0.7160109814288947,,0.7160109814288949
2008-03-01,0.1669573884874159,,,0.16695738848741587
2008-03-31,,0.7672097649983906,,0.7672097649983906
2008-04-01,0.3413904809369549,,,0.3413904809369549
2008-04-30,,0.6084490811588825,,0.6084490811588825
2008-05-01,0.1619735858460004,,,0.16197358584600038
2008-05-31,,0.4460248631238826,,0.4460248631238827
2008-06-01,0.1370545726389235,,,0.1370545726389235
2008-06-30,,0.18776354142830234,,0.18776354142830237
2008-07-01,0.0760029902815848,,,0.0760029902815848
2008-07-31,,0.3846247551579969,,0.3846247551579969
2008-08-01,0.0872165462247695,,,0.0872165462247695
2008-08-31,,0.26630471981884485,,0.26630471981884485
2008-09-01,0.3531024171442811,,,0.3531024171442811
2008-09-30,,0.04043532117559828,,0.04043532117559828
2008-10-01,0.7450784948916023,,,0.7450784948916023
2008-10-31,,0.19772546361152574,,0.19772546361152576
2008-11-01,0.6491402940443559,,,0.6491402940443559
2008-11-03,,,0.227930600672076,0.227930600672076
2008-11-10,,,0.2173022843489882,0.2173022843489882
2008-11-17,,,0.2741703108438312,0.2741703108438312
2008-11-24,,,0.1896283004010858,0.1896283004010858
2008-11-30,,0.6200241813853439,,0.6200241813853439
2008-12-01,0.4186394218788936,,0.2702543430402504,0.36156823771018465
2008-12-08,,,0.1572364949094374,0.1572364949094374
2008-12-15,,,0.1330156731090986,0.1330156731090986
2008-12-22,,,0.0926709260585872,0.0926709260585872
2008-12-29,,,0.0856967233305975,0.0856967233305975
2008-12-31,,0.7438071043046202,,0.7438071043046202
2009-01-01,0.1083977074507849,,,0.1083977074507849
2009-01-31,,0.8589913962058715,,0.8589913962058715
2009-02-01,0.1943683030152005,,,0.1943683030152005
2009-02-28,,0.9259834169880976,,0.9259834169880977
2009-03-01,0.3538499875404934,,,0.3538499875404934
2009-03-31,,0.92795170412525,,0.92795170412525
2009-04-01,0.2354846748068776,,,0.2354846748068776
2009-04-30,,1.0,,1.0
2009-05-01,0.2080737602790929,,,0.2080737602790929
2009-05-31,,0.716146092238778,,0.716146092238778
2009-06-01,0.1632195365063543,,,0.1632195365063543
2009-06-30,,0.7627519268351186,,0.7627519268351186
2009-07-01,0.1221031647146772,,,0.1221031647146772
2009-07-31,,0.7412306964139086,,0.7412306964139087
2009-08-01,0.1881385497134313,,,0.1881385497134313
2009-08-10,,,0.0251021856169402,0.0251021856169402
2009-08-17,,,0.0,0.0
2009-08-24,,,0.0524863881081478,0.0524863881081478
2009-08-31,,0.8282773095542655,0.0628074293021327,0.5093315261158768
2009-09-01,0.1682033391477697,,,0.1682033391477697
2009-09-07,,,0.0868304904912841,0.0868304904912841
2009-09-14,,,0.0827521421388477,0.0827521421388477
2009-09-21,,,0.0255155181539914,0.0255155181539914
2009-09-28,,,0.1550311509372929,0.1550311509372929
2009-09-30,,0.8000185227459643,,0.8000185227459643
2009-10-01,0.1619735858460004,,,0.16197358584600038
2009-10-05,,,0.157881673646077,0.157881673646077
2009-10-12,,,0.0642824346533225,0.0642824346533225
2009-10-19,,,0.1692552108696181,0.1692552108696181
2009-10-26,,,0.0663736595293977,0.0663736595293977
2009-10-31,,0.799412899095143,,0.799412899095143
2009-11-01,0.1569897832045851,,,0.1569897832045851
2009-11-02,,,0.0455802844097073,0.0455802844097073
2009-11-09,,,0.1056075753316327,0.1056075753316327
2009-11-16,,,0.1307951496038649,0.1307951496038649
2009-11-23,,,0.1483726989766012,0.1483726989766012
2009-11-30,,0.8738478427603605,0.0928083216297373,0.5484147089559342
2009-12-01,0.0224271118863692,,,0.0224271118863692
2009-12-07,,,0.0834314596498755,0.0834314596498755
2009-12-14,,,0.0879870539996676,0.0879870539996676
2009-12-21,,,0.0793045754473954,0.0793045754473954
2009-12-28,,,0.0611224563444374,0.0611224563444374
2009-12-31,,0.9683387177979531,,0.9683387177979531
2010-01-01,0.0548218290555694,,,0.054821829055569406
2010-01-25,,,0.0707106781186547,0.0707106781186547
2010-01-31,,0.9010839488524072,,0.9010839488524072
2010-02-01,0.0099676052828307,,0.0,0.0061339109432804306
2010-02-08,,,0.1443375672974064,0.1443375672974064
2010-02-15,,,0.1111111111111111,0.1111111111111111
2010-02-22,,,0.0824786098842322,0.0824786098842322
2010-02-28,,0.8298494475205963,,0.8298494475205963
2010-03-01,0.1233491153750311,,0.0,0.07590714792309607
2010-03-08,,,0.0,0.0
2010-03-15,,,0.111535507165041,0.111535507165041
2010-03-22,,,0.0824786098842322,0.0824786098842322
2010-03-29,,,0.0,0.0
2010-03-31,,0.6733382093873436,,0.6733382093873436
2010-04-01,0.0398704211313232,,,0.0398704211313232
2010-04-05,,,0.0,0.0
2010-04-12,,,0.3285328532178296,0.3285328532178296
2010-04-19,,,0.2011783272091233,0.2011783272091233
2010-04-26,,,0.0,0.0
2010-04-30,,0.658615901073082,,0.658615901073082
2010-05-01,0.1544978818838774,,,0.1544978818838774
2010-05-03,,,0.0,0.0
2010-05-10,,,0.0340206908719885,0.0340206908719885
2010-05-17,,,0.0,0.0
2010-05-24,,,0.0,0.0
2010-05-31,,0.5399831927633129,0.2449489742783178,0.4170522683945649
2010-06-01,0.2678793919760777,,,0.2678793919760777
2010-06-07,,,0.0,0.0
2010-06-14,,,0.2373742741239787,0.2373742741239787
2010-06-21,,,0.0,0.0
2010-06-28,,,0.0,0.0
2010-06-30,,0.6018576297172987,,0.6018576297172987
2010-07-01,0.0573137303762771,,,0.0573137303762771
2010-07-05,,,0.1749635530559413,0.1749635530559413
2010-07-12,,,0.0,0.0
2010-07-19,,,0.0510310363079828,0.0510310363079828
2010-07-26,,,0.0,0.0
2010-07-31,,0.5583907751008733,,0.5583907751008733
2010-08-01,0.0984301021679541,,,0.0984301021679541
2010-08-02,,,0.0,0.0
2010-08-09,,,0.0314037146510663,0.0314037146510663
2010-08-16,,,0.1767766952966369,0.1767766952966369
2010-08-23,,,0.0,0.0
2010-08-30,,,0.0907218423253028,0.0907218423253028
2010-08-31,,0.5445263664412069,,0.5445263664412069
2010-09-01,0.1009220034886618,,,0.10092200348866182
2010-09-06,,,0.0824786098842322,0.0824786098842322
2010-09-13,,,0.0,0.0
2010-09-20,,,0.0,0.0
2010-09-27,,,0.0,0.0
2010-09-30,,0.6216671679535104,,0.6216671679535104
2010-10-01,0.181908796411662,,,0.181908796411662
2010-10-04,,,0.0,0.0
2010-10-11,,,0.0,0.0
2010-10-18,,,0.0,0.0
2010-10-25,,,0.1461158222092877,0.1461158222092877
2010-10-31,,0.5463691251048775,,0.5463691251048775
2010-11-01,0.1171193620732619,,0.0736280405864602,0.10039193073218433
2010-11-08,,,0.1782864518731355,0.1782864518731355
2010-11-15,,,0.1018180650390787,0.1018180650390787
2010-11-22,,,0.1095776161645488,0.1095776161645488
2010-11-29,,,0.1337511966611443,0.1337511966611443
2010-11-30,,0.6036130219775104,,0.6036130219775104
2010-12-01,0.0,,,0.0
2010-12-06,,,0.1229388889830232,0.1229388889830232
2010-12-13,,,0.0919247573592683,0.0919247573592683
2010-12-20,,,0.0771201412581027,0.0771201412581027
2010-12-27,,,0.0669744326733318,0.0669744326733318
2010-12-31,,0.5128409454039855,,0.5128409454039855
2011-01-01,0.0560677797159232,,,0.05606777971592321
2011-01-31,,0.6178119259964637,,0.6178119259964637
2011-02-01,0.1004236232245203,,,0.1004236232245203
2011-02-28,,0.6173612444397223,,0.6173612444397223
2011-03-01,0.0760029902815848,,,0.0760029902815848
2011-03-31,,0.6010962596998558,,0.6010962596998558
2011-04-01,0.0635434836780463,,,0.0635434836780463
2011-04-30,,0.4519533935337584,,0.4519533935337584
2011-05-01,0.1270869673560927,,,0.1270869673560927
2011-05-31,,0.40296100755643316,,0.40296100755643316
2011-06-01,0.1482681285821081,,,0.1482681285821081
2011-06-13,,,0.3610414023334584,0.3610414023334584
2011-06-30,,0.6246866127185932,,0.6246866127185932
2011-07-01,0.0573137303762771,,,0.0573137303762771
2011-07-31,,0.4712447718276169,,0.471244771827617
2011-08-01,0.0946922501868926,,0.1632993161855452,0.12107958326329744
2011-08-08,,,0.1480272266131899,0.1480272266131899
2011-08-15,,,0.1108707994888829,0.1108707994888829
2011-08-22,,,0.0,0.0
2011-08-29,,,0.0510310363079828,0.0510310363079828
2011-08-31,,0.3903007309775066,,0.39030073097750656
2011-09-01,0.1345626713182157,,,0.1345626713182157
2011-09-05,,,0.2688742562181083,0.2688742562181083
2011-09-12,,,0.0774359361176306,0.0774359361176306
2011-09-19,,,0.1897845204097534,0.1897845204097534
2011-09-26,,,0.2352051544030798,0.2352051544030798
2011-09-30,,0.4236684402278616,,0.42366844022786165
2011-10-01,0.132070769997508,,,0.132070769997508
2011-10-03,,,0.0868304904912841,0.0868304904912841
2011-10-10,,,0.0668821548134391,0.0668821548134391
2011-10-17,,,0.1929582303011324,0.1929582303011324
2011-10-24,,,0.1429729183301716,0.1429729183301716
2011-10-31,,0.39598384605218023,0.2005363053843112,0.3145473707739015
2011-11-01,0.1744330924495389,,,0.1744330924495389
2011-11-07,,,0.1094303530346171,0.1094303530346171
2011-11-14,,,0.0890654533984757,0.0890654533984757
2011-11-21,,,0.0782568364982402,0.0782568364982402
2011-11-28,,,0.1181339041130583,0.1181339041130583
2011-11-30,,0.6181098112127889,,0.6181098112127889
2011-12-01,0.0323947171692001,,,0.0323947171692001
2011-12-05,,,0.1276334584022211,0.1276334584022211
2011-12-12,,,0.0909856930840768,0.0909856930840768
2011-12-19,,,0.0884644856868758,0.0884644856868758
2011-12-26,,,0.1065903349211774,0.1065903349211774
2011-12-31,,0.6750411521269868,,0.6750411521269868
2012-01-01,0.0398704211313232,,,0.0398704211313232
2012-01-16,,,0.0,0.0
2012-01-23,,,0.0340206908719885,0.0340206908719885
2012-01-30,,,0.1154700538379251,0.1154700538379251
2012-01-31,,0.594416293296549,,0.594416293296549
2012-02-01,0.0348866184899078,,,0.0348866184899078
2012-02-06,,,0.2041241452319315,0.2041241452319315
2012-02-13,,,0.1178511301977579,0.1178511301977579
2012-02-20,,,0.1360827634879543,0.1360827634879543
2012-02-27,,,0.0,0.0
2012-02-29,,0.6630453047017759,,0.6630453047017759
2012-03-01,0.1021679541490157,,,0.1021679541490157
2012-03-05,,,0.0524863881081478,0.0524863881081478
2012-03-12,,,0.0,0.0
2012-03-19,,,0.0,0.0
2012-03-26,,,0.0,0.0
2012-03-31,,0.586217294436322,,0.586217294436322
2012-04-01,0.0772489409419387,,,0.0772489409419387
2012-04-02,,,0.1742308562646689,0.1742308562646689
2012-04-09,,,0.0,0.0
2012-04-16,,,0.0,0.0
2012-04-23,,,0.0,0.0
2012-04-30,,0.4915848650623345,0.2347080484106438,0.38455285812413004
2012-05-01,0.1719411911288312,,,0.1719411911288312
2012-05-07,,,0.2332847374079217,0.2332847374079217
2012-05-14,,,0.0785674201318386,0.0785674201318386
2012-05-21,,,0.0,0.0
2012-05-28,,,0.178358258169395,0.178358258169395
2012-05-31,,0.378097745640015,,0.378097745640015
2012-06-01,0.0959382008472464,,,0.0959382008472464
2012-06-04,,,0.0,0.0
2012-06-11,,,0.2836454970838911,0.2836454970838911
2012-06-18,,,0.0,0.0
2012-06-25,,,0.0,0.0
2012-06-30,,0.5175047567821268,,0.5175047567821268
2012-07-01,0.066035384998754,,,0.066035384998754
2012-07-02,,,0.0583211843519804,0.0583211843519804
2012-07-09,,,0.0,0.0
2012-07-16,,,0.0583211843519804,0.0583211843519804
2012-07-23,,,0.0,0.0
2012-07-30,,,0.2463996399133722,0.2463996399133722
2012-07-31,,0.4865942413579831,,0.4865942413579831
2012-08-01,0.1021679541490157,,,0.1021679541490157
2012-08-06,,,0.0,0.0
2012-08-13,,,0.0,0.0
2012-08-20,,,0.1407997942362127,0.1407997942362127
2012-08-27,,,0.0340206908719885,0.0340206908719885
2012-08-31,,0.5606292179887961,,0.5606292179887961
2012-09-01,0.1146274607525542,,,0.1146274607525542
2012-09-03,,,0.0,0.0
2012-09-10,,,0.1020620726159657,0.1020620726159657
2012-09-17,,,0.1066099814959405,0.1066099814959405
2012-09-24,,,0.0911666866627549,0.0911666866627549
2012-09-30,,0.5645947701651975,,0.5645947701651975
2012-10-01,0.0784948916022925,,0.1455903535926844,0.104300838521674
2012-10-08,,,0.141859215984036,0.141859215984036
2012-10-15,,,0.1114455893440475,0.1114455893440475
2012-10-22,,,0.0736176237885933,0.0736176237885933
2012-10-29,,,0.0735097633533116,0.0735097633533116
2012-10-31,,0.5438702172348765,,0.5438702172348765
2012-11-01,0.1108896087714926,,,0.1108896087714926
2012-11-05,,,0.1127688538172142,0.1127688538172142
2012-11-12,,,0.0922798930735625,0.0922798930735625
2012-11-19,,,0.0900637183537195,0.0900637183537195
2012-11-26,,,0.0675905671149555,0.0675905671149555
2012-11-30,,0.6532029167217516,,0.6532029167217516
2012-12-01,0.0236730625467231,,,0.0236730625467231
2012-12-03,,,0.0339821725783662,0.0339821725783662
2012-12-10,,,0.0581143926703634,0.0581143926703634
2012-12-17,,,0.0417753977489188,0.0417753977489188
2012-12-24,,,0.074747097341056,0.074747097341056
2012-12-31,,0.7011975260617265,0.0,0.4090318902026737
2013-01-01,0.0311487665088462,,,0.0311487665088462
2013-01-07,,,0.0,0.0
2013-01-21,,,0.0,0.0
2013-01-28,,,0.0510310363079828,0.0510310363079828
2013-01-31,,0.6904109513546232,,0.6904109513546232
2013-02-01,0.0485920757538001,,,0.0485920757538001
2013-02-04,,,0.0,0.0
2013-02-11,,,0.0816496580927726,0.0816496580927726
2013-02-18,,,0.1020620726159657,0.1020620726159657
2013-02-25,,,0.1178511301977579,0.1178511301977579
2013-02-28,,0.6122531914455307,,0.6122531914455307
2013-03-01,0.0685272863194617,,,0.0685272863194617
2013-03-04,,,0.0,0.0
2013-03-11,,,0.1767766952966369,0.1767766952966369
2013-03-18,,,0.0,0.0
2013-03-25,,,0.0,0.0
2013-03-31,,0.6184918446057351,,0.6184918446057351
2013-04-01,0.0760029902815848,,0.0,0.046771070942513725
2013-04-08,,,0.0,0.0
2013-04-15,,,0.0,0.0
2013-04-22,,,0.0,0.0
2013-04-29,,,0.2154700538379252,0.2154700538379252
2013-04-30,,0.53266684262919,,0.53266684262919
2013-05-01,0.1083977074507849,,,0.1083977074507849
2013-05-06,,,0.0824786098842322,0.0824786098842322
2013-05-13,,,0.0907218423253028,0.0907218423253028
2013-05-20,,,0.0,0.0
2013-05-27,,,0.0962250448649376,0.0962250448649376
2013-05-31,,0.4565904895364143,,0.4565904895364143
2013-06-01,0.1619735858460004,,,0.16197358584600038
2013-06-03,,,0.0,0.0
2013-06-10,,,0.2121643435534027,0.2121643435534027
2013-06-17,,,0.1414213562373095,0.1414213562373095
2013-06-24,,,0.0,0.0
2013-06-30,,0.5466223359434669,,0.5466223359434669
2013-07-01,0.0760029902815848,,0.1154700538379251,0.09118263011094645
2013-07-08,,,0.0,0.0
2013-07-15,,,0.0,0.0
2013-07-22,,,0.0,0.0
2013-07-29,,,0.1167688227614703,0.1167688227614703
2013-07-31,,0.5389717453892808,,0.5389717453892808
2013-08-01,0.1410416147520558,,,0.1410416147520558
2013-08-05,,,0.0,0.0
2013-08-12,,,0.0524863881081478,0.0524863881081478
2013-08-19,,,0.0,0.0
2013-08-26,,,0.0,0.0
2013-08-31,,0.5411285593452672,,0.5411285593452672
2013-09-01,0.0984301021679541,,,0.0984301021679541
2013-09-02,,,0.0303868562731382,0.0303868562731382
2013-09-09,,,0.0969848785744052,0.0969848785744052
2013-09-16,,,0.1722379703335181,0.1722379703335181
2013-09-23,,,0.1236498215573587,0.1236498215573587
2013-09-30,,0.6551611108746581,0.099381774558695,0.42358638740967347
2013-10-01,0.1295788686768003,,,0.1295788686768003
2013-10-07,,,0.0540783047675191,0.0540783047675191
2013-10-14,,,0.0919929358370541,0.0919929358370541
2013-10-21,,,0.0339962646370085,0.0339962646370085
2013-10-28,,,0.0509855146882474,0.0509855146882474
2013-10-31,,0.6167289647571197,,0.6167289647571197
2013-11-01,0.0884624968851233,,,0.08846249688512328
2013-11-04,,,0.0351999485590531,0.0351999485590531
2013-11-11,,,0.0510310363079828,0.0510310363079828
2013-11-18,,,0.0976838362484429,0.0976838362484429
2013-11-25,,,0.1030942633904981,0.1030942633904981
2013-11-30,,0.5966817516436036,,0.5966817516436036
2013-12-01,0.0498380264141539,,,0.0498380264141539
2013-12-02,,,0.069307908724886,0.069307908724886
2013-12-09,,,0.0613526462884136,0.0613526462884136
2013-12-16,,,0.0899071862880868,0.0899071862880868
2013-12-23,,,0.1061508590686564,0.1061508590686564
2013-12-30,,,0.0690195042476419,0.0690195042476419
2013-12-31,,0.5801079281576182,,0.5801079281576182
2014-01-01,0.0548218290555694,,,0.054821829055569406
2014-01-31,,0.6818949016963668,,0.6818949016963668
2014-02-01,0.0959382008472464,,,0.0959382008472464
2014-02-28,,0.7504469439702027,,0.7504469439702027
2014-03-01,0.1009220034886618,,,0.10092200348866182
2014-03-31,,0.6858690288698082,,0.6858690288698082
2014-04-01,0.1133815100922003,,,0.1133815100922003
2014-04-30,,0.6331583532926953,,0.6331583532926953
2014-05-01,0.1208572140543234,,,0.12085721405432341
2014-05-31,,0.7009048045044515,,0.7009048045044515
2014-06-01,0.0834786942437079,,,0.0834786942437079
2014-06-09,,,0.4728865473688549,0.4728865473688549
2014-06-30,,0.7347442725882889,,0.7347442725882889
2014-07-01,0.0884624968851233,,,0.08846249688512328
2014-07-31,,0.726929997929366,,0.726929997929366
2014-08-01,0.1108896087714926,,,0.1108896087714926
2014-08-18,,,0.1126309462863259,0.1126309462863259
2014-08-25,,,0.1206916953786143,0.1206916953786143
2014-08-31,,0.713701353234363,,0.713701353234363
2014-09-01,0.1457762272614004,,0.0648748778902759,0.11466032365712175
2014-09-08,,,0.0583535330643665,0.0583535330643665
2014-09-15,,,0.0,0.0
2014-09-22,,,0.1919085257943326,0.1919085257943326
2014-09-29,,,0.0778104126042228,0.0778104126042228
2014-09-30,,0.717540902232129,,0.7175409022321289
2014-10-01,0.3321704460503364,,,0.3321704460503364
2014-10-06,,,0.0291605921759902,0.0291605921759902
2014-10-13,,,0.0480636844868052,0.0480636844868052
2014-10-20,,,0.0,0.0
2014-10-27,,,0.0706362162866264,0.0706362162866264
2014-10-31,,0.6468735507616044,,0.6468735507616044
2014-11-01,0.165711437827062,,,0.16571143782706196
2014-11-03,,,0.0084904451351415,0.0084904451351415
2014-11-10,,,0.0557005303318917,0.0557005303318917
2014-11-17,,,0.0673368562022891,0.0673368562022891
2014-11-24,,,0.1046992305584098,0.1046992305584098
2014-11-30,,0.713130632335485,,0.713130632335485
2014-12-01,0.0934462995265387,,0.0867852295449836,0.09088434953363289
2014-12-08,,,0.0758462141661614,0.0758462141661614
2014-12-15,,,0.1173710325353318,0.1173710325353318
2014-12-22,,,0.0814816663980297,0.0814816663980297
2014-12-29,,,0.1124962607064169,0.1124962607064169
2014-12-31,,0.6290090324324648,,0.6290090324324648
2015-01-01,0.0946922501868926,,,0.0946922501868926
2015-01-31,,0.7135547229218586,,0.7135547229218586
2015-02-01,0.1694492898081236,,,0.1694492898081236
2015-02-28,,0.6725384163622111,,0.6725384163622111
2015-03-01,0.2192873162222776,,,0.21928731622227762
2015-03-31,,0.5148194927953111,,0.5148194927953111
2015-04-01,0.2043359082980314,,,0.2043359082980314
2015-04-30,,0.48720901330563576,,0.48720901330563576
2015-05-01,0.215549464241216,,,0.215549464241216
2015-05-31,,0.5264895357926128,,0.5264895357926128
2015-06-01,0.1844006977323697,,,0.1844006977323697
2015-06-15,,,0.1095180776215176,0.1095180776215176
2015-06-30,,0.634127967274724,,0.634127967274724
2015-07-01,0.1956142536755544,,,0.1956142536755544
2015-07-13,,,0.1924500897298753,0.1924500897298753
2015-07-20,,,0.0,0.0
2015-07-27,,,0.18048599060853,0.18048599060853
2015-07-31,,0.6950093265776571,,0.6950093265776571
2015-08-01,0.2329927734861699,,,0.2329927734861699
2015-08-03,,,0.0408248290463863,0.0408248290463863
2015-08-10,,,0.0,0.0
2015-08-17,,,0.1510967908321722,0.1510967908321722
2015-08-24,,,0.2036075375305438,0.2036075375305438
2015-08-31,,0.7572422499037179,0.0,0.4417246457771688
2015-09-01,0.3463742835783703,,,0.34637428357837025
2015-09-07,,,0.1126678763706875,0.1126678763706875
2015-09-14,,,0.1609019283536609,0.1609019283536609
2015-09-21,,,0.0641500299099584,0.0641500299099584
2015-09-28,,,0.0960304821311438,0.0960304821311438
2015-09-30,,0.6326779517334475,,0.6326779517334475
2015-10-01,0.2367306254672314,,,0.2367306254672314
2015-10-05,,,0.0735498531686305,0.0735498531686305
2015-10-12,,,0.0104972776216295,0.0104972776216295
2015-10-19,,,0.0587760385943145,0.0587760385943145
2015-10-26,,,0.0891511658979108,0.0891511658979108
2015-10-31,,0.7208323997067781,,0.7208323997067781
2015-11-01,0.2354846748068776,,,0.2354846748068776
2015-11-02,,,0.0630956687108399,0.0630956687108399
2015-11-09,,,0.0678174165593673,0.0678174165593673
2015-11-16,,,0.1038880289661171,0.1038880289661171
2015-11-23,,,0.0822153755133222,0.0822153755133222
2015-11-30,,0.7543701552215903,0.1316596289018162,0.4949074359216844
2015-12-01,0.140792424619985,,,0.140792424619985
2015-12-07,,,0.0689546663514196,0.0689546663514196
2015-12-14,,,0.0829188648434581,0.0829188648434581
2015-12-21,,,0.0769886201335625,0.0769886201335625
2015-12-28,,,0.1425655368485065,0.1425655368485065
2015-12-31,,0.7202602011982889,,0.7202602011982889
2016-01-01,0.1108896087714926,,,0.1108896087714926
2016-01-31,,0.6404453872534511,,0.6404453872534511
2016-02-01,0.1308248193371542,,,0.1308248193371542
2016-02-29,,0.8012434879673069,,0.8012434879673069
2016-03-01,0.2118116122601545,,,0.2118116122601545
2016-03-31,,0.7631300898860779,,0.763130089886078
2016-04-01,0.2317468228258161,,,0.23174682282581613
2016-04-25,,,0.0,0.0
2016-04-30,,0.532725431052112,,0.532725431052112
2016-05-01,0.3476202342387241,,,0.3476202342387241
2016-05-02,,,0.0,0.0
2016-05-09,,,0.0272165526975908,0.0272165526975908
2016-05-16,,,0.0703998971181063,0.0703998971181063
2016-05-23,,,0.0,0.0
2016-05-30,,,0.0510310363079828,0.0510310363079828
2016-05-31,,0.4911970779938561,,0.49119707799385615
2016-06-01,0.1943683030152005,,,0.1943683030152005
2016-06-06,,,0.0,0.0
2016-06-13,,,0.2446045691440593,0.2446045691440593
2016-06-20,,,0.0,0.0
2016-06-27,,,0.1013959156045827,0.1013959156045827
2016-06-30,,0.6035657963803357,,0.6035657963803357
2016-07-01,0.1383005232992773,,,0.1383005232992773
2016-07-04,,,0.0,0.0
2016-07-11,,,0.0371134809512602,0.0371134809512602
2016-07-18,,,0.0,0.0
2016-07-25,,,0.0,0.0
2016-07-31,,0.675005443103863,,0.675005443103863
2016-08-01,0.1270869673560927,,0.0,0.07820736452682628
2016-08-08,,,0.0,0.0
2016-08-15,,,0.0,0.0
2016-08-22,,,0.0,0.0
2016-08-29,,,0.0394890561071244,0.0394890561071244
2016-08-31,,0.6000213877545422,,0.6000213877545422
2016-09-01,0.1432843259406927,,,0.1432843259406927
2016-09-05,,,0.1263414641430005,0.1263414641430005
2016-09-12,,,0.0579763858619699,0.0579763858619699
2016-09-19,,,0.0635870038486121,0.0635870038486121
2016-09-26,,,0.1137834163361103,0.1137834163361103
2016-09-30,,0.7413205764702671,,0.7413205764702671
2016-10-01,0.1482681285821081,,,0.1482681285821081
2016-10-03,,,0.0974538928125225,0.0974538928125225
2016-10-10,,,0.1088864198546917,0.1088864198546917
2016-10-17,,,0.1462857413452905,0.1462857413452905
2016-10-24,,,0.0733302020337764,0.0733302020337764
2016-10-31,,0.8340124632009298,0.1259973310747628,0.5390061581483602
2016-11-01,0.1856466483927236,,,0.1856466483927236
2016-11-07,,,0.1167229719461251,0.1167229719461251
2016-11-14,,,0.1598371243826013,0.1598371243826013
2016-11-21,,,0.0594328386506241,0.0594328386506241
2016-11-28,,,0.0840132952020014,0.0840132952020014
2016-11-30,,0.8564869785318638,,0.8564869785318638
2016-12-01,0.1083977074507849,,,0.1083977074507849
2016-12-05,,,0.0890576515153251,0.0890576515153251
2016-12-12,,,0.1031660232141699,0.1031660232141699
2016-12-19,,,0.0583895757186822,0.0583895757186822
2016-12-26,,,0.09064178710019,0.09064178710019
2016-12-31,,0.8381475394446913,,0.8381475394446913
2017-01-01,0.0984301021679541,,,0.0984301021679541
2017-01-31,,0.726368144812817,,0.726368144812817
2017-02-01,0.1208572140543234,,,0.12085721405432341
2017-02-28,,0.682950182168354,,0.682950182168354
2017-03-01,0.1766758036381759,,,0.1766758036381759
2017-03-31,,0.76677947168639,,0.7667794716863899
2017-04-01,0.1171193620732619,,,0.1171193620732619
2017-04-30,,0.6858031599671308,,0.6858031599671308
2017-05-01,0.24595066035385,,,0.24595066035385
2017-05-22,,,1.0,1.0
2017-05-29,,,0.0641500299099584,0.0641500299099584
2017-05-31,,0.7936472149579943,,0.7936472149579943
2017-06-01,0.1333167206578619,,,0.1333167206578619
2017-06-05,,,0.1190864956486484,0.1190864956486484
2017-06-12,,,0.1468047884241919,0.1468047884241919
2017-06-19,,,0.0,0.0
2017-06-26,,,0.1259919394798606,0.1259919394798606
2017-06-30,,0.8356731994791665,,0.8356731994791665
2017-07-01,0.0722651383005233,,,0.0722651383005233
2017-07-03,,,0.0679235610811324,0.0679235610811324
2017-07-10,,,0.0960584212856148,0.0960584212856148
2017-07-17,,,0.0721687836487032,0.0721687836487032
2017-07-24,,,0.1252339689353074,0.1252339689353074
2017-07-31,,0.8255881086782072,0.0909471343087656,0.5194877026909399
2017-08-01,0.1245950660353849,,,0.1245950660353849
2017-08-07,,,0.0339617805405662,0.0339617805405662
2017-08-14,,,0.0233284737407921,0.0233284737407921
2017-08-21,,,0.0569018237589348,0.0569018237589348
2017-08-28,,,0.064460256389031,0.064460256389031
2017-08-31,,0.8077840702335698,,0.8077840702335698
2017-09-01,0.1245950660353849,,,0.1245950660353849
2017-09-04,,,0.0885986751801114,0.0885986751801114
2017-09-11,,,0.0898402919020998,0.0898402919020998
2017-09-18,,,0.0343475192796064,0.0343475192796064
2017-09-25,,,0.0629959697399303,0.0629959697399303
2017-09-30,,0.7701323593517602,,0.7701323593517602
2017-10-01,0.1619735858460004,,,0.16197358584600038
2017-10-02,,,0.1011247668814358,0.1011247668814358
2017-10-09,,,0.0525783423063208,0.0525783423063208
2017-10-16,,,0.049971517421502,0.049971517421502
2017-10-23,,,0.0160097368809358,0.0160097368809358
2017-10-30,,,0.0439826405627447,0.0439826405627447
2017-10-31,,0.7040450914685704,,0.7040450914685704
2017-11-01,0.1400448542237727,,,0.1400448542237727
2017-11-06,,,0.0458433073076247,0.0458433073076247
2017-11-13,,,0.0807339026156708,0.0807339026156708
2017-11-20,,,0.0502063482243131,0.0502063482243131
2017-11-27,,,0.0917659901173656,0.0917659901173656
2017-11-30,,0.7686139464178439,,0.7686139464178439
2017-12-01,0.0760029902815848,,,0.0760029902815848
2017-12-04,,,0.0563853452735479,0.0563853452735479
2017-12-11,,,0.0553018043468467,0.0553018043468467
2017-12-18,,,0.0612486111682641,0.0612486111682641
2017-12-25,,,0.0464440596701249,0.0464440596701249
2017-12-31,,0.7587543632562319,,0.7587543632562319
2018-01-01,0.0784948916022925,,,0.0784948916022925
2018-01-31,,0.7392295914588822,,0.7392295914588822
2018-02-01,0.0917019686020433,,,0.0917019686020433
2018-02-28,,0.40960599443051077,,0.40960599443051077
2018-03-01,0.1619735858460004,,,0.16197358584600038
2018-03-31,,0.5716466554423388,,0.5716466554423388
2018-04-01,0.0959382008472464,,,0.0959382008472464
2018-04-30,,0.7101094313126938,,0.7101094313126938
2018-05-01,0.2282581609768253,,,0.2282581609768253
2018-05-31,,0.5881262870132621,,0.5881262870132621
2018-06-01,0.1851482681285821,,,0.1851482681285821
2018-06-11,,,0.2162028579980574,0.2162028579980574
2018-06-30,,0.7683386519690188,,0.7683386519690188
2018-07-01,0.1021679541490157,,,0.1021679541490157
2018-07-02,,,0.1269669468428561,0.1269669468428561
2018-07-09,,,0.0,0.0
2018-07-16,,,0.0,0.0
2018-07-23,,,0.0774359361176306,0.0774359361176306
2018-07-30,,,0.0314037146510663,0.0314037146510663
2018-07-31,,0.6990052337135643,,0.6990052337135643
2018-08-01,0.1781709444306005,,,0.17817094443060047
2018-08-06,,,0.0145802960879951,0.0145802960879951
2018-08-13,,,0.0760938569213944,0.0760938569213944
2018-08-20,,,0.0365640616100312,0.0365640616100312
2018-08-27,,,0.0879316720412269,0.0879316720412269
2018-08-31,,0.8484159836825225,,0.8484159836825225
2018-09-01,0.2197856964864191,,,0.2197856964864191
2018-09-03,,,0.0873030129076083,0.0873030129076083
2018-09-10,,,0.1011117613599413,0.1011117613599413
2018-09-17,,,0.0638523779837092,0.0638523779837092
2018-09-24,,,0.0860522201244804,0.0860522201244804
2018-09-30,,0.8977093914370283,,0.8977093914370283
2018-10-01,0.3094941440318963,,0.1285365787195911,0.23989508045024044
2018-10-08,,,0.1063889896894742,0.1063889896894742
2018-10-15,,,0.1220228415267097,0.1220228415267097
2018-10-22,,,0.061746386764351,0.061746386764351
2018-10-29,,,0.0377451301003106,0.0377451301003106
2018-10-31,,0.9076460197168198,,0.9076460197168199
2018-11-01,0.2980313979566409,,,0.2980313979566409
2018-11-05,,,0.0765926609276278,0.0765926609276278
2018-11-12,,,0.1075128781570562,0.1075128781570562
2018-11-19,,,0.0536936885556228,0.0536936885556228
2018-11-26,,,0.0603000639425168,0.0603000639425168
2018-11-30,,0.8436069919646095,,0.8436069919646094
2018-12-01,0.1243458759033142,,,0.1243458759033142
2018-12-03,,,0.0841673749543801,0.0841673749543801
2018-12-10,,,0.0371500092824009,0.0371500092824009
2018-12-17,,,0.1301732327302716,0.1301732327302716
2018-12-24,,,0.1050338019873685,0.1050338019873685
2018-12-31,,0.8402766066071571,0.0816496580927726,0.5241820447261635
2019-01-01,0.2040867181659606,,,0.2040867181659606
2019-01-14,,,0.8164965809277261,0.8164965809277261
2019-01-21,,,0.0,0.0
2019-01-28,,,0.8164965809277261,0.8164965809277261
2019-01-31,,0.7867308561000877,,0.7867308561000877
2019-02-01,0.1701968602043359,,,0.17019686020433586
2019-02-28,,0.7745266827286686,,0.7745266827286688
2019-03-01,0.2833291801644655,,,0.2833291801644655
2019-03-11,,,0.1443375672974064,0.1443375672974064
2019-03-18,,,0.3057570140046772,0.3057570140046772
2019-03-25,,,0.6340099943042,0.6340099943042
2019-03-31,,0.7475820808785076,,0.7475820808785077
2019-04-01,0.2638923498629454,,0.2886751345948129,0.2734241901444329
2019-04-08,,,0.2327526869976744,0.2327526869976744
2019-04-15,,,0.1020620726159657,0.1020620726159657
2019-04-22,,,0.1639819823667473,0.1639819823667473
2019-04-29,,,0.0543928293220421,0.0543928293220421
2019-04-30,,0.753473646910487,,0.753473646910487
2019-05-01,0.2783453775230501,,,0.2783453775230501
2019-05-06,,,0.1012999709042819,0.1012999709042819
2019-05-13,,,0.1667431865455607,0.1667431865455607
2019-05-20,,,0.1077965544619743,0.1077965544619743
2019-05-27,,,0.2707071634478483,0.2707071634478483
2019-05-31,,0.5552950391053092,,0.5552950391053092
2019-06-01,0.2230251682033391,,,0.2230251682033391
2019-06-03,,,0.2256940454453382,0.2256940454453382
2019-06-10,,,0.2008253928972525,0.2008253928972525
2019-06-17,,,0.2006219285813146,0.2006219285813146
2019-06-24,,,0.2259800407920201,0.2259800407920201
2019-06-30,,0.5769209600749701,,0.5769209600749701
2019-07-01,0.2088213306753052,,0.2229132539792385,0.21424130117681797
2019-07-08,,,0.1495380522872733,0.1495380522872733
2019-07-15,,,0.1275775907699572,0.1275775907699572
2019-07-22,,,0.1539600717839002,0.1539600717839002
2019-07-29,,,0.0518736084028152,0.0518736084028152
2019-07-31,,0.6800413308586433,,0.6800413308586433
2019-08-01,0.4330924495389983,,,0.4330924495389983
2019-08-05,,,0.1722037414740927,0.1722037414740927
2019-08-12,,,0.2660450386236154,0.2660450386236154
2019-08-19,,,0.1093199520145646,0.1093199520145646
2019-08-26,,,0.1093436084371207,0.1093436084371207
2019-08-31,,0.5886650588978197,,0.5886650588978197
2019-09-01,0.2626463992025916,,,0.2626463992025916
2019-09-02,,,0.0703876362868729,0.0703876362868729
2019-09-09,,,0.0898402919020998,0.0898402919020998
2019-09-16,,,0.1157923638571785,0.1157923638571785
2019-09-23,,,0.1514437327566091,0.1514437327566091
2019-09-30,,0.5991217284202575,0.1328547414805208,0.40484381719536716
2019-10-01,0.2778469972589085,,,0.2778469972589085
2019-10-07,,,0.0751119175804583,0.0751119175804583
2019-10-14,,,0.088605685169432,0.088605685169432
2019-10-21,,,0.0871066581019369,0.0871066581019369
2019-10-28,,,0.0783105913579014,0.0783105913579014
2019-10-31,,0.6026303656309822,,0.6026303656309822
2019-11-01,0.2853227012210316,,,0.2853227012210316
2019-11-04,,,0.0486241702038604,0.0486241702038604
2019-11-11,,,0.0591937121760572,0.0591937121760572
2019-11-18,,,0.090118718806156,0.090118718806156
2019-11-25,,,0.0672077015657933,0.0672077015657933
2019-11-30,,0.4990888330198616,,0.4990888330198616
2019-12-01,0.2317468228258161,,,0.23174682282581613
2019-12-02,,,0.0956877612963989,0.0956877612963989
2019-12-09,,,0.127502503056188,0.127502503056188
2019-12-16,,,0.1162160723890387,0.1162160723890387
2019-12-23,,,0.0829151525201673,0.0829151525201673
2019-12-30,,,0.0769535906564018,0.0769535906564018
2019-12-31,,0.632448584944595,,0.632448584944595
2020-01-01,0.2466982307500622,,,0.2466982307500622
2020-01-20,,,0.0,0.0
2020-01-31,,0.4836838217070031,,0.4836838217070031
2020-02-01,0.4380762521804137,,,0.4380762521804137
2020-02-29,,0.11398489316540757,,0.11398489316540757
2020-03-01,1.0,,,1.0
2020-03-16,,,0.5773502691896258,0.5773502691896258
2020-03-23,,,0.0,0.0
2020-03-31,,0.5573597699650853,,0.5573597699650853
2020-04-01,0.6277099426862696,,,0.6277099426862696
2020-04-13,,,0.8164965809277261,0.8164965809277261
2020-04-20,,,0.0,0.0
2020-04-30,,0.7716497971981598,,0.7716497971981598
2020-05-01,0.6516321953650636,,,0.6516321953650636
2020-05-18,,,0.1187564333648259,0.1187564333648259
2020-05-25,,,0.0948471126621692,0.0948471126621692
2020-05-31,,0.8711678372648103,,0.8711678372648102
2020-06-01,0.6052828307999003,,0.0819909911833736,0.4040167386396977
2020-06-08,,,0.2100953631303899,0.2100953631303899
2020-06-15,,,0.0816496580927726,0.0816496580927726
2020-06-22,,,0.0,0.0
2020-06-29,,,0.0579763858619699,0.0579763858619699
2020-06-30,,0.865825474675032,,0.8658254746750319
2020-07-01,0.5965611761774234,,,0.5965611761774234
2020-07-06,,,0.089599869059408,0.089599869059408
2020-07-13,,,0.1742308562646689,0.1742308562646689
2020-07-20,,,0.1802095140581215,0.1802095140581215
2020-07-27,,,0.2883397224115786,0.2883397224115786
2020-07-31,,0.7415627311926509,,0.7415627311926509
2020-08-01,0.4482930475953153,,,0.44829304759531535
2020-08-03,,,0.0985598559653488,0.0985598559653488
2020-08-10,,,0.1020620726159657,0.1020620726159657
2020-08-17,,,0.2546934115328307,0.2546934115328307
2020-08-24,,,0.214029909803274,0.214029909803274
2020-08-31,,0.6429660847414673,0.2065357856943956,0.46112012680518744
2020-09-01,0.4943932220284077,,,0.4943932220284077
2020-09-07,,,0.2053967478813503,0.2053967478813503
2020-09-14,,,0.1938193819064296,0.1938193819064296
2020-09-21,,,0.1235598559653489,0.1235598559653489
2020-09-28,,,0.1449786769897697,0.1449786769897697
2020-09-30,,0.6878843029777506,,0.6878843029777506
2020-10-01,0.5280338898579616,,,0.5280338898579616
2020-10-05,,,0.1264869153229535,0.1264869153229535
2020-10-12,,,0.1498409461355212,0.1498409461355212
2020-10-19,,,0.0737792793503772,0.0737792793503772
2020-10-26,,,0.2161421976678608,0.2161421976678608
2020-10-31,,0.8483127872720757,,0.8483127872720756
2020-11-01,0.4156491402940444,,,0.4156491402940444
2020-11-02,,,0.112692555593313,0.112692555593313
2020-11-09,,,0.149847238821468,0.149847238821468
2020-11-16,,,0.08769751424144,0.08769751424144
2020-11-23,,,0.0687299352838401,0.0687299352838401
2020-11-30,,0.8937550159248883,0.1519827494374649,0.5846832382217952
2020-12-01,0.3471218539745827,,,0.3471218539745827
2020-12-07,,,0.1029716116564284,0.1029716116564284
2020-12-14,,,0.1012326465211686,0.1012326465211686
2020-12-21,,,0.07966610517185,0.07966610517185
2020-12-28,,,0.0920628785140823,0.0920628785140823
2020-12-31,,0.8707986663435805,,0.8707986663435805
2021-01-01,0.3446299526538749,,,0.3446299526538749
2021-01-11,,,0.4082482904638631,0.4082482904638631
2021-01-31,,0.6975726838202505,,0.6975726838202505
2021-02-01,0.2992773486169947,,,0.2992773486169947
2021-02-08,,,0.3178206959130841,0.3178206959130841
2021-02-15,,,0.1632993161855452,0.1632993161855452
2021-02-22,,,0.2787693700234704,0.2787693700234704
2021-02-28,,0.7318704693503756,,0.7318704693503756
2021-03-01,0.5808621978569649,,0.2335079283817679,0.4472644019049661
2021-03-08,,,0.2041241452319315,0.2041241452319315
2021-03-15,,,0.0,0.0
2021-03-22,,,0.0,0.0
2021-03-29,,,0.4267766952966369,0.4267766952966369
2021-03-31,,0.6670893569471921,,0.6670893569471921
2021-04-01,0.4310989284824321,,,0.4310989284824321
2021-04-05,,,0.0824786098842322,0.0824786098842322
2021-04-12,,,0.0,0.0
2021-04-19,,,0.0883883476483184,0.0883883476483184
2021-04-26,,,0.0583211843519804,0.0583211843519804
2021-04-30,,0.8211928410338171,,0.8211928410338171
2021-05-01,0.5340144530276602,,,0.5340144530276602
2021-05-03,,,0.1971197119306977,0.1971197119306977
2021-05-10,,,0.1360827634879543,0.1360827634879543
2021-05-17,,,0.2548547388496603,0.2548547388496603
2021-05-24,,,0.0,0.0
2021-05-31,,0.7932642659732019,0.3683905718408463,0.6162335600847203
2021-06-01,0.6005482182905557,,,0.6005482182905557
2021-06-07,,,0.0,0.0
2021-06-14,,,0.0,0.0
2021-06-21,,,0.1020620726159657,0.1020620726159657
2021-06-28,,,0.0,0.0
2021-06-30,,0.5886484020885702,,0.5886484020885702
2021-07-01,0.3550959382008473,,,0.3550959382008473
2021-07-05,,,0.0,0.0
2021-07-12,,,0.0,0.0
2021-07-19,,,0.0510310363079828,0.0510310363079828
2021-07-26,,,0.2358104758460389,0.2358104758460389
2021-07-31,,0.5403954992558323,,0.5403954992558323
2021-08-01,0.4129080488412659,,,0.4129080488412659
2021-08-02,,,0.2378734388029863,0.2378734388029863
2021-08-09,,,0.2238276988858464,0.2238276988858464
2021-08-16,,,0.1972257018211324,0.1972257018211324
2021-08-23,,,0.1521844491907871,0.1521844491907871
2021-08-30,,,0.2162028579980574,0.2162028579980574
2021-08-31,,0.5398065352904526,,0.5398065352904526
2021-09-01,0.5477199102915525,,,0.5477199102915525
2021-09-06,,,0.1926898747257572,0.1926898747257572
2021-09-13,,,0.1898270586146192,0.1898270586146192
2021-09-20,,,0.1238323933414872,0.1238323933414872
2021-09-27,,,0.212659969310536,0.212659969310536
2021-09-30,,0.5431731677658624,,0.5431731677658624
2021-10-01,0.4881634687266384,,,0.4881634687266384
2021-10-04,,,0.1050653138885386,0.1050653138885386
2021-10-11,,,0.2336926140893815,0.2336926140893815
2021-10-18,,,0.3011180911870554,0.3011180911870554
2021-10-25,,,0.1937581249454927,0.1937581249454927
2021-10-31,,0.5306591278738142,,0.5306591278738142
2021-11-01,0.3792673810117119,,0.1774296152563315,0.3016374711057964
2021-11-08,,,0.2033316482600555,0.2033316482600555
2021-11-15,,,0.1533118617524573,0.1533118617524573
2021-11-22,,,0.0779900524944308,0.0779900524944308
2021-11-29,,,0.1799763400120543,0.1799763400120543
2021-11-30,,0.6709499678246212,,0.6709499678246212
2021-12-01,0.2927984051831547,,,0.2927984051831547
2021-12-06,,,0.089770797335309,0.089770797335309
2021-12-13,,,0.1155052956722303,0.1155052956722303
2021-12-20,,,0.0791423638707022,0.0791423638707022
2021-12-27,,,0.1075738923538455,0.1075738923538455
2021-12-31,,0.7126029746281928,,0.7126029746281928
2022-01-01,0.3501121355594319,,,0.3501121355594318
2022-01-31,,0.7063491721650611,,0.7063491721650611
2022-02-01,0.3820084724644904,,,0.3820084724644904
2022-02-28,,0.5234567752463927,0.3385410681680073,0.44640856396373213
2022-03-01,0.5188138549713431,,,0.5188138549713431
2022-03-31,,0.47441924730678253,,0.47441924730678253
2022-04-01,0.4134064291054075,,,0.4134064291054075
2022-04-18,,,0.0,0.0
2022-04-30,,0.5237643308156944,,0.5237643308156944
2022-05-01,0.4953899825566908,,,0.4953899825566908
2022-05-16,,,0.0,0.0
2022-05-30,,,0.0,0.0
2022-05-31,,0.45547192929049646,,0.45547192929049646
2022-06-01,0.557936705706454,,,0.557936705706454
2022-06-06,,,0.1443375672974064,0.1443375672974064
2022-06-13,,,0.0372161463782393,0.0372161463782393
2022-06-20,,,0.0,0.0
2022-06-27,,,0.2808060412490447,0.2808060412490447
2022-06-30,,0.5913400903128677,,0.5913400903128677
2022-07-01,0.3421380513331672,,,0.3421380513331672
2022-07-04,,,0.1154700538379251,0.1154700538379251
2022-07-11,,,0.2536828504894289,0.2536828504894289
2022-07-18,,,0.1183654281323345,0.1183654281323345
2022-07-25,,,0.1647043287898285,0.1647043287898285
2022-07-31,,0.8486637194954172,,0.8486637194954172
2022-08-01,0.4310989284824321,,0.1683943932747761,0.33005872263333363
2022-08-08,,,0.2039570457033953,0.2039570457033953
2022-08-15,,,0.2218662901738017,0.2218662901738017
2022-08-22,,,0.1138926442824005,0.1138926442824005
2022-08-29,,,0.0911703191322383,0.0911703191322383
2022-08-31,,0.7478268274905943,,0.7478268274905941
2022-09-01,0.545975579367057,,,0.545975579367057
2022-09-05,,,0.231247637370242,0.231247637370242
2022-09-12,,,0.1273305231093272,0.1273305231093272
2022-09-19,,,0.1890588640006315,0.1890588640006315
2022-09-26,,,0.1586268444902216,0.1586268444902216
2022-09-30,,0.7103253468533434,,0.7103253468533434
2022-10-01,0.592823324196362,,,0.592823324196362
2022-10-03,,,0.1274187315005915,0.1274187315005915
2022-10-10,,,0.1443510619477206,0.1443510619477206
2022-10-17,,,0.0901980812193455,0.0901980812193455
2022-10-24,,,0.1223948985220911,0.1223948985220911
2022-10-31,,0.7112670684086979,0.1138652467073361,0.46234964269979717
2022-11-01,0.6658360328930975,,,0.6658360328930975
2022-11-07,,,0.1513945989177002,0.1513945989177002
2022-11-14,,,0.1695379267405583,0.1695379267405583
2022-11-21,,,0.1495815808583657,0.1495815808583657
2022-11-28,,,0.146031170648986,0.146031170648986
2022-11-30,,0.6542901875177967,,0.6542901875177967
2022-12-01,0.3182157986543732,,,0.3182157986543732
2022-12-05,,,0.1238206798245835,0.1238206798245835
2022-12-12,,,0.1107000847838718,0.1107000847838718
2022-12-19,,,0.0944716725581557,0.0944716725581557
2022-12-26,,,0.1465542108477959,0.1465542108477959
2022-12-31,,0.7769853677648322,,0.7769853677648322
2023-01-01,0.5203089957637678,,,0.5203089957637678
2023-01-02,,,0.4669867732056246,0.4669867732056246
2023-01-09,,,0.0824786098842322,0.0824786098842322
2023-01-16,,,0.0742269619025205,0.0742269619025205
2023-01-23,,,0.2041241452319315,0.2041241452319315
2023-01-30,,,0.2038079155929214,0.2038079155929214
2023-01-31,,0.7130616450295918,,0.7130616450295918
2023-02-01,0.2830799900323947,,,0.2830799900323947
2023-02-06,,,0.1692892624571415,0.1692892624571415
2023-02-13,,,0.0453609211626514,0.0453609211626514
2023-02-20,,,0.2041241452319315,0.2041241452319315
2023-02-27,,,0.2917450212231626,0.2917450212231626
2023-02-28,,0.5831015689360968,,0.5831015689360968
2023-03-01,0.5051083977074509,,,0.5051083977074509
2023-03-06,,,0.3931851652578136,0.3931851652578136
2023-03-13,,,0.4833729138337336,0.4833729138337336
2023-03-20,,,0.3154700538379251,0.3154700538379251
2023-03-27,,,0.2886751345948129,0.2886751345948129
2023-03-31,,0.06465728526403063,,0.06465728526403063
2023-04-01,0.3760279092947919,,,0.3760279092947919
2023-04-03,,,0.2,0.2
2023-04-10,,,0.7814744144215574,0.7814744144215574
2023-04-17,,,0.1360827634879543,0.1360827634879543
2023-04-24,,,0.4518356073353921,0.4518356073353921
2023-04-30,,0.19401797947256208,,0.1940179794725621
2023-05-01,0.3969598803887367,,0.0,0.24428300331614566
2023-05-08,,,0.4330127018922194,0.4330127018922194
2023-05-15,,,0.2721655269759087,0.2721655269759087
2023-05-22,,,0.1166423687039608,0.1166423687039608
2023-05-29,,,0.0,0.0
2023-05-31,,0.23436583954726556,,0.23436583954726556
2023-06-01,0.3725392474458011,,,0.372539247445801
2023-06-05,,,0.1443375672974064,0.1443375672974064
2023-06-12,,,0.2780931089239486,0.2780931089239486
2023-06-19,,,0.5122395058968514,0.5122395058968514
2023-06-26,,,0.356628632918552,0.356628632918552
2023-06-30,,0.23354904489150227,,0.23354904489150227
2023-07-01,0.2848243209568902,,,0.2848243209568902
2023-07-03,,,0.6446772378423572,0.6446772378423572
2023-07-10,,,0.7285015402222602,0.7285015402222602
2023-07-17,,,0.1105171715522538,0.1105171715522538
2023-07-24,,,0.1775051538706837,0.1775051538706837
2023-07-31,,0.0,0.217535728627075,0.09063988692794792
2023-08-01,0.4460503364066783,,,0.4460503364066783
2023-08-07,,,0.282604620934933,0.282604620934933
2023-08-14,,,0.2243888876557946,0.2243888876557946
2023-08-21,,,0.1841731059269013,0.1841731059269013
2023-08-28,,,0.228741413844383,0.228741413844383
2023-08-31,,0.09612189137587951,,0.09612189137587951
2023-09-01,0.3902317468228258,,,0.39023174682282585
2023-09-04,,,0.1753846575828698,0.1753846575828698
2023-09-11,,,0.2295736108528085,0.2295736108528085
2023-09-18,,,0.0999944741772524,0.0999944741772524
2023-09-25,,,0.1073124907811362,0.1073124907811362
2023-09-30,,0.24681571768125768,,0.24681571768125768
2023-10-01,0.3035135808621979,,,0.3035135808621979
2023-10-02,,,0.1903496494356567,0.1903496494356567
2023-10-09,,,0.1550901597566794,0.1550901597566794
2023-10-16,,,0.0883943011090405,0.0883943011090405
2023-10-23,,,0.1653211364301175,0.1653211364301175
2023-10-30,,,0.0825474767283513,0.0825474767283513
2023-10-31,,0.3547039621105891,,0.3547039621105891
2023-11-01,0.3077498131074009,,,0.3077498131074009
2023-11-06,,,0.1107024052333453,0.1107024052333453
2023-11-13,,,0.1109534264559436,0.1109534264559436
2023-11-20,,,0.0743573476301881,0.0743573476301881
2023-11-27,,,0.062024216483671,0.062024216483671
2023-11-30,,0.39073909338938756,,0.39073909338938756
2023-12-01,0.2559182656366808,,,0.2559182656366808
2023-12-04,,,0.1984096384936053,0.1984096384936053
2023-12-11,,,0.112801133050988,0.112801133050988
2023-12-18,,,0.116261946133036,0.116261946133036
2023-12-25,,,0.0796871465430749,0.0796871465430749
2023-12-31,,0.39140936816903504,,0.39140936816903504
2024-01-01,0.2696237229005732,,0.4082482904638631,0.3229408642710693
2024-01-08,,,0.0,0.0
2024-01-15,,,0.1632993161855452,0.1632993161855452
2024-01-22,,,0.1649572197684645,0.1649572197684645
2024-01-29,,,0.2886751345948129,0.2886751345948129
2024-01-31,,0.4304601903294527,,0.43046019032945265
2024-02-01,0.2885621729379517,,,0.2885621729379517
2024-02-05,,,0.0,0.0
2024-02-12,,,0.2604914714738525,0.2604914714738525
2024-02-19,,,0.1443375672974064,0.1443375672974064
2024-02-26,,,0.2574421629401735,0.2574421629401735
2024-02-29,,0.592363553018728,,0.592363553018728
2024-03-01,0.315225517069524,,,0.315225517069524
2024-03-04,,,0.5872672270190457,0.5872672270190457
2024-03-11,,,0.2869633203608842,0.2869633203608842
2024-03-18,,,0.2524389962964351,0.2524389962964351
2024-03-25,,,0.3608439182435161,0.3608439182435161
2024-03-31,,0.6329012700556822,,0.6329012700556822
2024-04-01,0.3942187889359581,,0.4579244826177381,0.4187209788135658
2024-04-08,,,0.3244467364320315,0.3244467364320315
2024-04-15,,,0.1163338647918462,0.1163338647918462
2024-04-22,,,0.6154153284764973,0.6154153284764973
2024-04-29,,,0.2199132028137236,0.2199132028137236
2024-04-30,,0.5301247173668467,,0.5301247173668467
2024-05-01,0.3565910789932719,,,0.3565910789932719
2024-05-06,,,0.1360827634879543,0.1360827634879543
2024-05-13,,,0.3340099943042,0.3340099943042
2024-05-20,,,0.4651164177082155,0.4651164177082155
2024-05-27,,,0.3065253250411271,0.3065253250411271
2024-05-31,,0.5443903330082611,,0.5443903330082611
2024-06-01,0.6733117368552206,,,0.6733117368552206
2024-06-03,,,0.2431208510193021,0.2431208510193021
2024-06-10,,,0.1443375672974064,0.1443375672974064
2024-06-17,,,0.1477926532889709,0.1477926532889709
2024-06-24,,,0.1501745950484345,0.1501745950484345
2024-06-30,,0.6376469828602479,,0.6376469828602479
2024-07-01,0.3772738599551458,,0.0793148469923613,0.2626742395848441
2024-07-08,,,0.1757274654135517,0.1757274654135517
2024-07-15,,,0.1911438756403822,0.1911438756403822
2024-07-22,,,0.1115782050630569,0.1115782050630569
2024-07-29,,,0.1821389900807739,0.1821389900807739
2024-07-31,,0.5517042636854793,,0.5517042636854793
2024-08-01,0.4178918514826813,,,0.4178918514826813
2024-08-05,,,0.3528224909171332,0.3528224909171332
2024-08-12,,,0.0916116077835287,0.0916116077835287
2024-08-19,,,0.2785515993372255,0.2785515993372255
2024-08-26,,,0.2173461959564296,0.2173461959564296
2024-08-31,,0.7465260126279326,,0.7465260126279326
2024-09-01,0.4056815350112136,,,0.4056815350112136
2024-09-02,,,0.2074722663841418,0.2074722663841418
2024-09-09,,,0.1756795292897629,0.1756795292897629
2024-09-16,,,0.1848740636586037,0.1848740636586037
2024-09-23,,,0.0947026542576085,0.0947026542576085
2024-09-30,,0.7076066132202901,0.0948414743035984,0.45228780533833524
2024-10-01,0.3904809369548966,,,0.3904809369548966
2024-10-07,,,0.0670335079543344,0.0670335079543344
2024-10-14,,,0.1063794329480587,0.1063794329480587
2024-10-21,,,0.064338510814558,0.064338510814558
2024-10-28,,,0.0796572038656432,0.0796572038656432
2024-10-31,,0.632731940808545,,0.632731940808545
2024-11-01,0.5384998754049339,,,0.5384998754049339
2024-11-04,,,0.036365245243011,0.036365245243011
2024-11-11,,,0.1144741260779773,0.1144741260779773
2024-11-18,,,0.0686196055501725,0.0686196055501725
2024-11-25,,,0.0959206308575506,0.0959206308575506
2024-11-30,,0.356722819716444,,0.356722819716444
2024-12-01,0.6222277597807127,,,0.6222277597807127
2024-12-02,,,0.0696422025710346,0.0696422025710346
2024-12-09,,,0.2519772792079701,0.2519772792079701
2024-12-16,,,0.2054747882007721,0.2054747882007721
2024-12-23,,,0.1062259412469795,0.1062259412469795
2024-12-30,,,0.0,0.0
2024-12-31,,0.06953124339750522,,0.06953124339750522
2025-01-01,0.4380762521804137,,,0.4380762521804137
2025-01-06,,,0.1414213562373095,0.1414213562373095
2025-01-13,,,0.0,0.0
2025-01-20,,,0.0,0.0
2025-01-27,,,0.0,0.0
2025-01-31,,0.13140727586562917,,0.13140727586562917
2025-02-01,0.3443807625218041,,,0.3443807625218041
2025-02-03,,,0.1154700538379251,0.1154700538379251
2025-02-10,,,0.0,0.0
2025-02-17,,,0.0,0.0
2025-02-24,,,0.1360827634879543,0.1360827634879543
2025-02-28,,0.3706174810042257,,0.37061748100422565
2025-03-01,0.4178918514826813,,,0.4178918514826813
2025-03-03,,,0.101015254455221,0.101015254455221
2025-03-10,,,0.2150079616036664,0.2150079616036664
2025-03-17,,,0.1913074214638232,0.1913074214638232
2025-03-24,,,0.2998522903054743,0.2998522903054743
2025-03-31,,0.5216543238464156,0.2200249248360617,0.3959754075921015
2025-04-01,0.5198106154996263,,,0.5198106154996263
2025-04-07,,,0.2995064057190696,0.2995064057190696
2025-04-14,,,0.4496529817735017,0.4496529817735017
2025-04-21,,,0.1360827634879543,0.1360827634879543
2025-04-28,,,0.1891713008358052,0.1891713008358052
2025-04-30,,0.6905844098383014,,0.6905844098383014
2025-05-01,0.348866184899078,,,0.348866184899078
2025-05-05,,,0.3194170365727314,0.3194170365727314
2025-05-12,,,0.3323235894000296,0.3323235894000296
2025-05-19,,,0.3470463882334909,0.3470463882334909
2025-05-26,,,0.3132423654316059,0.3132423654316059
2025-05-31,,0.6384834885187797,,0.6384834885187797
2025-06-01,0.3800149514079243,,,0.3800149514079243
2025-06-02,,,0.3695220558550543,0.3695220558550543
2025-06-09,,,0.1593364388072015,0.1593364388072015
2025-06-16,,,0.2201865366065233,0.2201865366065233
2025-06-23,,,0.3265986323710904,0.3265986323710904
2025-06-30,,0.7510844521433753,0.2176224409197592,0.5288086141335352
2025-07-01,0.4557687515574384,,,0.4557687515574384
2025-07-07,,,0.0680413817439771,0.0680413817439771
2025-07-14,,,0.0583211843519804,0.0583211843519804
2025-07-21,,,0.3351675397716723,0.3351675397716723
2025-07-28,,,0.1230660034742188,0.1230660034742188
2025-07-31,,0.6514789173106724,,0.6514789173106724
2025-08-01,0.4296037876900075,,,0.4296037876900075
2025-08-04,,,0.2112491909562077,0.2112491909562077
2025-08-11,,,0.1295528461151948,0.1295528461151948
2025-08-18,,,0.147004259155552,0.147004259155552
2025-08-25,,,0.1563357635126463,0.1563357635126463
2025-08-31,,0.504623796470451,,0.504623796470451
2025-09-01,0.4435584350859706,,0.1447561427192064,0.32863447648336896
2025-09-08,,,0.2712769325973268,0.2712769325973268
2025-09-15,,,0.191118101771449,0.191118101771449
2025-09-22,,,0.1795558224024574,0.1795558224024574
2025-09-29,,,0.1132432179142039,0.1132432179142039
2025-09-30,,0.5409588885668088,,0.5409588885668088
2025-10-01,0.3742835783702965,,,0.3742835783702965
2025-10-06,,,0.0727655712290643,0.0727655712290643
2025-10-13,,,0.202774701715105,0.202774701715105
2025-10-20,,,0.0713490864251857,0.0713490864251857
2025-10-27,,,0.0802764912095835,0.0802764912095835
2025-10-31,,0.6937957568939155,,0.6937957568939155
2025-11-01,0.4430600548218291,,,0.44306005482182914
2025-11-03,,,0.1450288274790704,0.1450288274790704
2025-11-10,,,0.154019114030172,0.154019114030172
2025-11-17,,,0.202474769064592,0.202474769064592
2025-11-24,,,0.1375526474934429,0.1375526474934429
2025-11-30,,0.9454414964611678,,0.9454414964611678
2025-12-01,0.494144031896337,,0.1146946472386889,0.34820196087416466
2025-12-08,,,0.073366439435134,0.073366439435134
2025-12-15,,,0.1105849929908998,0.1105849929908998
2025-12-22,,,0.1354541444117737,0.1354541444117737
2025-12-29,,,0.2429434908732114,0.2429434908732114
