date,dict_fsi,ml_fsi,news_fsi,dict_fsi_smoothed,ml_fsi_smoothed,news_fsi_smoothed
2008-01-28,0.0149514079242461,,,0.19734753834147245,0.5525594448991492,0.1867650845541643
2008-02-25,0.1669573884874159,0.5764119135225304,,0.20586700067752153,0.5525594458767663,0.18676508462351324
2008-03-31,0.3413904809369549,0.6151422861439103,,0.21620387557928558,0.5363103792303259,0.18676508469286218
2008-04-28,0.1619735858460004,0.4950445022896723,,0.22069346306660473,0.46635848417387227,0.18676508476221115
2008-05-26,0.1370545726389235,0.3721753626607414,,0.22792577209405035,0.3768647517599957,0.1867650848315601
2008-06-30,0.0760029902815848,0.1768082752887791,,0.23940254497121338,0.29056558189270076,0.18676508490090904
2008-07-28,0.0872165462247695,0.3257279884319414,,0.2585114775106084,0.28176154484232036,0.18676508497025798
2008-08-25,,0.2362223647086761,,0.28562135146864953,0.2430061535696732,0.18676508503960693
2008-09-01,0.3531024171442811,,,0.31273122542669063,0.20887209726424077,0.18676508510895587
2008-09-29,0.7450784948916023,0.0653588135982161,,0.33795541871976,0.17473804095880838,0.18676508517830484
2008-10-27,0.6491402940443559,0.1843441761692701,,0.34416347500177935,0.2151166292014174,0.18676508524765378
2008-11-03,,,0.227930600672076,0.33612649995165206,0.27645840131345095,0.18676508531700273
2008-11-10,,,0.2173022843489882,0.32808952490152476,0.3378001734254846,0.1853276175007762
2008-11-17,,,0.2741703108438312,0.32005254985139747,0.39914194553751814,0.18277361919691054
2008-11-24,,0.5038007248724246,0.1896283004010858,0.3120155748012701,0.46048371764955176,0.17702811940110272
2008-12-01,0.4186394218788936,,0.2702543430402504,0.30397859975114283,0.4923165524617983,0.17084263107031006
2008-12-08,,,0.1572364949094374,0.29058598157736065,0.5241493872740448,0.16118576296250903
2008-12-15,,,0.1330156731090986,0.2771933634035785,0.5559822220862914,0.15166680022804635
2008-12-22,,,0.0926709260585872,0.26380074522979635,0.587815056898538,0.14279912036776554
2008-12-29,0.1083977074507849,0.5974388622379276,0.0856967233305975,0.2504081270560141,0.6196478917107846,0.13568187812227456
2009-01-26,0.1943683030152005,0.6845723883579345,,0.2436486126148975,0.6666102310807144,0.1303100786627093
2009-02-23,0.3538499875404934,0.7352498800220278,,0.23919091100175055,0.7013361717046451,0.12493827920314404
2009-03-30,0.2354846748068776,0.7367388313004172,,0.22937764779891642,0.7129590044155139,0.11956647974357877
2009-04-27,0.2080737602790929,0.7912412462294126,,0.21927913409295294,0.7083822548944902,0.11419468028401351
2009-05-25,,0.576514120872923,,0.20970400738265674,0.6473592978262672,0.10882288082444824
2009-06-01,0.1632195365063543,,,0.20012888067236054,0.6345983518880435,0.10345108136488299
2009-06-29,0.1221031647146772,0.6117700627996784,,0.19227773667571557,0.6218374059498198,0.09807928190531773
2009-07-27,0.1881385497134313,0.5954898855108444,,0.18770434663900493,0.6159346576766486,0.09270748244575248
2009-08-10,,,0.0251021856169402,0.18311067559726862,0.6239595451896953,0.08733568298618723
2009-08-17,,,0.0,0.1785170045555323,0.6319844327027421,0.08413702892306613
2009-08-24,,,0.0524863881081478,0.17392333351379596,0.6400093202157887,0.08387637456755914
2009-08-31,0.1682033391477697,0.6613380859427735,0.0628074293021327,0.16932966247205963,0.6480342077288355,0.0847118341611683
2009-09-07,,,0.0868304904912841,0.16478860038301354,0.6469960658862484,0.08631217856108735
2009-09-14,,,0.0827521421388477,0.16024753829396748,0.6459579240436611,0.08789442391093458
2009-09-21,,,0.0255155181539914,0.15570647620492142,0.644919782201074,0.08965623374667156
2009-09-28,0.1619735858460004,0.6399611455819145,0.1550311509372929,0.15116541411587536,0.6438816403584869,0.09365778755803389
2009-10-05,,,0.157881673646077,0.14611951777279583,0.6455142655416727,0.0955162311838864
2009-10-12,,,0.0642824346533225,0.1410736214297163,0.6471468907248584,0.09519692199312017
2009-10-19,,,0.1692552108696181,0.1360277250866368,0.6487795159080443,0.09595712269149462
2009-10-26,0.1569897832045851,0.639503009117934,0.0663736595293977,0.1309818287435573,0.65041214109123,0.09415781107534565
2009-11-02,,,0.0455802844097073,0.12472113801923446,0.6594764175364428,0.09332870045349308
2009-11-09,,,0.1056075753316327,0.1184604472949116,0.6685406939816556,0.09416692743758275
2009-11-16,,,0.1307951496038649,0.11219975657058875,0.6776049704268684,0.09460565588223184
2009-11-23,,,0.1483726989766012,0.10593906584626592,0.6866692468720811,0.09378067531155447
2009-11-30,0.0224271118863692,0.6958108528441845,0.0928083216297373,0.09967837512194307,0.6957335233172939,0.09104938367167321
2009-12-07,,,0.0834314596498755,0.09702598049269173,0.7047451204038266,0.08825667128432024
2009-12-14,,,0.0879870539996676,0.0943735858634404,0.7137567174903594,0.08563245153989311
2009-12-21,,,0.0793045754473954,0.09172119123418906,0.7227683145768922,0.08292601090619867
2009-12-28,0.0548218290555694,0.7672904182631299,0.0611224563444374,0.08906879660493773,0.7317799116634249,0.08034602798625158
2010-01-25,,0.7164141653480559,0.0707106781186547,0.08801602888275194,0.7166006105343244,0.07843731725865387
2010-02-01,0.0099676052828307,,0.0,0.08696326116056614,0.7015483218574725,0.07679841476917346
2010-02-08,,,0.1443375672974064,0.08950685047909171,0.6864960331806205,0.07784125328035728
2010-02-15,,,0.1111111111111111,0.09205043979761728,0.6714437445037685,0.07656209214833824
2010-02-22,,0.6625273620349597,0.0824786098842322,0.09459402911614286,0.6563914558269166,0.07407650610554903
2010-03-01,0.1233491153750311,,0.0,0.09713761843466842,0.6371591906655648,0.07129752512403802
2010-03-08,,,0.0,0.09845690619365216,0.6179269255042131,0.07100819834887619
2010-03-15,,,0.111535507165041,0.0997761939526359,0.5986946603428613,0.07319842271377142
2010-03-22,,,0.0824786098842322,0.10109548171161964,0.5794623951815097,0.07404994586292014
2010-03-29,0.0398704211313232,0.5441312176401156,0.0,0.10241476947060338,0.560230130020158,0.07460714661030168
2010-04-05,,,0.0,0.10665541434957648,0.5519649613060091,0.0777695709760192
2010-04-12,,,0.3285328532178296,0.11089605922854961,0.5436997925918604,0.08364764836292607
2010-04-19,,,0.2011783272091233,0.11513670410752272,0.5354346238777117,0.0809745245786981
2010-04-26,0.1544978818838774,0.5329942247839432,0.0,0.11937734898649585,0.5271694551635628,0.07410397735912139
2010-05-03,,,0.0,0.12197756396953302,0.5149362662067148,0.06982108347840002
2010-05-10,,,0.0340206908719885,0.12457777895257019,0.5027030772498668,0.06797628760839414
2010-05-17,,,0.0,0.1271779939356074,0.49046988829301885,0.06731719480587646
2010-05-24,,,0.0,0.12977820891864456,0.47823669933617086,0.0690087661661962
2010-05-31,0.2678793919760777,0.4432520731626235,0.2449489742783178,0.13237842390168172,0.46600351037932286,0.07311007004754998
2010-06-07,,,0.0,0.12864958232948442,0.4692693315653805,0.07121089284644999
2010-06-14,,,0.2373742741239787,0.12492074075728712,0.47253515275143804,0.07179834542670382
2010-06-21,,,0.0,0.12119189918508982,0.47580097393749565,0.06660401077246886
2010-06-28,0.0573137303762771,0.4900582633080029,0.0,0.11746305761289251,0.47906679512355327,0.06373543807847838
2010-07-05,,,0.1749635530559413,0.11654370514804115,0.47484487497469563,0.0630924589438433
2010-07-12,,,0.0,0.11562435268318977,0.470622954825838,0.05854302534619262
2010-07-19,,,0.0510310363079828,0.1147050002183384,0.46640103467698035,0.05603787016073758
2010-07-26,0.0984301021679541,0.4571768673332649,0.0,0.11378564775348703,0.46217911452812266,0.053707549847551446
2010-08-02,,,0.0,0.11358353087616267,0.4613648859141768,0.05325265677913123
2010-08-09,,,0.0314037146510663,0.11338141399883832,0.46055065730023087,0.05465730643167361
2010-08-16,,,0.1767766952966369,0.11317929712151396,0.45973642868628495,0.05687395401910231
2010-08-23,,,0.0,0.11297718024418962,0.458922200072339,0.05490368806546844
2010-08-30,0.1009220034886618,0.4466888503116282,0.0907218423253028,0.11277506336686527,0.4581079714583931,0.05485061760349975
2010-09-06,,,0.0824786098842322,0.11312658597557426,0.46507281511979653,0.05354495095463841
2010-09-13,,,0.0,0.11347810858428327,0.4720376587811999,0.05122894269828707
2010-09-20,,,0.0,0.11382963119299228,0.47900250244260334,0.05070181058932338
2010-09-27,0.181908796411662,0.5050435958463148,0.0,0.11418115380170127,0.48596734610400677,0.05194514757098259
2010-10-04,,,0.0,0.11136921502321337,0.4799368354311522,0.05500237003549348
2010-10-11,,,0.0,0.1085572762447255,0.4739063247582976,0.059980233891839575
2010-10-18,,,0.0,0.1057453374662376,0.46787581408544304,0.06705256240180488
2010-10-25,,0.4480828429950356,0.1461158222092877,0.1029333986877497,0.46184530341258845,0.07646631595753482
2010-11-01,0.1171193620732619,,0.0736280405864602,0.10012145990926183,0.4651902230288773,0.08344796114154046
2010-11-08,,,0.1782864518731355,0.09651557341478983,0.4685351426451662,0.09077251056531704
2010-11-15,,,0.1018180650390787,0.09290968692031787,0.47188006226145507,0.09504113898187212
2010-11-22,,,0.1095776161645488,0.08930380042584589,0.4752249818777439,0.09907312223774636
2010-11-29,0.0,0.4913861658790162,0.1337511966611443,0.08569791393137391,0.4785699014940328,0.10273829646660813
2010-12-06,,,0.1229388889830232,0.08609485451367593,0.4731839699643019,0.10532052354690079
2010-12-13,,,0.0919247573592683,0.08649179509597797,0.46779803843457096,0.10728753055774447
2010-12-20,,,0.0771201412581027,0.08688873567828001,0.46241210690484,0.10979099405363285
2010-12-27,0.0560677797159232,0.4227197620271157,0.0669744326733318,0.08728567626058203,0.4570261753751091,0.11343529915589491
2011-01-31,0.1004236232245203,0.5021272187933459,,0.08914076017259169,0.47501087504475514,0.11870198277038027
2011-02-28,0.0760029902815848,0.5017862914624751,,0.09046883767737468,0.4745230499769555,0.12396866269377513
2011-03-28,0.0635434836780463,0.4894823093024105,,0.0924725942388348,0.4554626287127975,0.12923534261716996
2011-04-25,0.1270869673560927,0.3766601213964641,,0.09582758820792239,0.41322690781834603,0.13450202254056481
2011-05-30,0.1482681285821081,0.3395988236033892,,0.097722501254181,0.3959016568976429,0.13976870246395967
2011-06-13,,,0.3610414023334584,0.09725650028982816,0.4169317052923366,0.14503538238735453
2011-06-27,0.0573137303762771,0.5073277169270938,,0.0967904993254753,0.4379617536870303,0.14275929984851843
2011-07-25,,0.3912534811915647,,0.09816840181692817,0.4117374788673186,0.14048321730968236
2011-08-01,0.0946922501868926,,0.1632993161855452,0.09954630430838105,0.39946756151170315,0.13820713477084628
2011-08-08,,,0.1480272266131899,0.10115093273023613,0.3871976441560877,0.13505485274406306
2011-08-15,,,0.1108707994888829,0.10275556115209124,0.3749277268004722,0.1314495854963564
2011-08-22,,,0.0,0.10436018957394634,0.3626578094448567,0.1285629134741633
2011-08-29,0.1345626713182157,0.3300216970545527,0.0510310363079828,0.10596481799580143,0.35038789208924126,0.13016555854614154
2011-09-05,,,0.2688742562181083,0.10623368156218713,0.3519920812530743,0.13453151967733654
2011-09-12,,,0.0774359361176306,0.10650254512857282,0.35359627041690733,0.13420633678159213
2011-09-19,,,0.1897845204097534,0.1067714086949585,0.35520045958074037,0.13586353218808572
2011-09-26,0.132070769997508,0.3552633868504425,0.2352051544030798,0.1070402722613442,0.3568046487445734,0.13563784856191963
2011-10-03,,,0.0868304904912841,0.10613999705308387,0.359458795038696,0.13193535194159922
2011-10-10,,,0.0668821548134391,0.10523972184482354,0.36211294133281857,0.12980788205385066
2011-10-17,,,0.1929582303011324,0.10433944663656321,0.36476708762694116,0.12987772969204875
2011-10-24,,,0.1429729183301716,0.10343917142830288,0.36742123392106374,0.12774485523846604
2011-10-31,0.1744330924495389,0.3343208063135358,0.2005363053843112,0.10253889622004254,0.3700753802151864,0.1250802286481176
2011-11-07,,,0.1094303530346171,0.09828054586002549,0.3970866912140601,0.11978073445873194
2011-11-14,,,0.0890654533984757,0.09402219550000845,0.4240980022129338,0.11484266755037792
2011-11-21,,,0.0782568364982402,0.08976384513999142,0.4511093132118075,0.11080472094114507
2011-11-28,0.0323947171692001,0.5023525601905885,0.1181339041130583,0.08550549477997438,0.47812062421068124,0.10790332117936685
2011-12-05,,,0.1276334584022211,0.08372787293406296,0.4886243617337503,0.10464467740680486
2011-12-12,,,0.0909856930840768,0.08195025108815156,0.4991280992568193,0.10058328325539723
2011-12-19,,,0.0884644856868758,0.08017262924224015,0.5096318367798883,0.09685702949910531
2011-12-26,0.0398704211313232,0.5454194436927858,0.1065903349211774,0.07839500739632874,0.5201355743029573,0.09342383685493105
2012-01-16,,,0.0,0.07841681391394283,0.5134151275078058,0.08953088032363042
2012-01-23,,,0.0340206908719885,0.07843862043155692,0.5066946807126542,0.08876427260188642
2012-01-30,0.0348866184899078,0.4844291113578305,0.1154700538379251,0.07846042694917099,0.4999742339175027,0.08990926823926812
2012-02-06,,,0.2041241452319315,0.08051750378244965,0.5038436241480414,0.09016170109452555
2012-02-13,,,0.1178511301977579,0.08257458061572831,0.5077130143785801,0.08643465390585554
2012-02-20,,,0.1360827634879543,0.08463165744900697,0.5115824046091189,0.0816105677636913
2012-02-27,0.1021679541490157,0.5363449382398,0.0,0.08668873428228563,0.5154517948396575,0.07488435485095471
2012-03-05,,,0.0524863881081478,0.0880227988791229,0.5050881043908663,0.07077304545303265
2012-03-12,,,0.0,0.08935686347596015,0.4947244139420751,0.06730029192783624
2012-03-19,,,0.0,0.09069092807279741,0.48436072349328396,0.06617761233010316
2012-03-26,0.0772489409419387,0.478226810075656,0.0,0.09202499266963467,0.4739970330444928,0.06736580356017441
2012-04-02,,,0.1742308562646689,0.09404922552413568,0.4607518825594052,0.0709063563330327
2012-04-09,,,0.0,0.09607345837863669,0.44750673207431757,0.07083889781200398
2012-04-16,,,0.0,0.0980976912331377,0.43426158158922995,0.07324507858776669
2012-04-23,,,0.0,0.10012192408763873,0.42101643110414233,0.07820892062432577
2012-04-30,0.1719411911288312,0.4066401629681915,0.2347080484106438,0.10214615694213974,0.4077712806190547,0.08590375743058595
2012-05-07,,,0.2332847374079217,0.10091036350369528,0.39529668382587535,0.08840246395999868
2012-05-14,,,0.0785674201318386,0.09967457006525084,0.38282208703269605,0.08584199401887443
2012-05-21,,,0.0,0.09843877662680639,0.37034749023951674,0.08353554336774144
2012-05-28,0.0959382008472464,0.320790497868487,0.178358258169395,0.09720298318836194,0.35787289344633744,0.08414609258093311
2012-06-04,,,0.0,0.09602626592539239,0.3706600161529042,0.08146682371079608
2012-06-11,,,0.2836454970838911,0.09484954866242284,0.383447138859471,0.08163231515543469
2012-06-18,,,0.0,0.0936728313994533,0.39623426156603775,0.07474365796833443
2012-06-25,0.066035384998754,0.4262477980451211,0.0,0.09249611413648376,0.40902138427260454,0.0704649931963589
2012-07-02,,,0.0583211843519804,0.09255533971278221,0.410073320351482,0.06864691307829782
2012-07-09,,,0.0,0.09261456528908067,0.41112525643035946,0.0671893996543065
2012-07-16,,,0.0583211843519804,0.09267379086537914,0.4121771925092369,0.06807808961721414
2012-07-23,,,0.0,0.0927330164416776,0.41322912858811434,0.06930748338603049
2012-07-30,0.1021679541490157,0.4028649030458487,0.2463996399133722,0.09279224201797606,0.4142810646669918,0.07295704243529859
2012-08-06,,,0.0,0.09241354148078455,0.4231100568972615,0.07055011620966771
2012-08-13,,,0.0,0.09203484094359306,0.4319390491275312,0.07060674706966154
2012-08-20,,,0.1407997942362127,0.09165614040640155,0.44076804135780095,0.0731289125223899
2012-08-27,0.1146274607525542,0.4588701834844826,0.0340206908719885,0.09127743986921005,0.4495970335880707,0.07328806159622087
2012-09-03,,,0.0,0.08980809322936155,0.4521088581189003,0.07481839777191346
2012-09-10,,,0.1020620726159657,0.08833874658951305,0.4546206826497299,0.07896133622055351
2012-09-17,,,0.1066099814959405,0.08686939994966454,0.4571325071805595,0.08229761429940856
2012-09-24,,0.4618700069711691,0.0911666866627549,0.08540005330981604,0.4596443317113891,0.08478492277065411
2012-10-01,0.0784948916022925,,0.1455903535926844,0.08393070666996752,0.4606399547338223,0.08704938483852243
2012-10-08,,,0.141859215984036,0.0827152591828411,0.4616355777562555,0.0872696402328674
2012-10-15,,,0.1114455893440475,0.08149981169571469,0.46263120077868874,0.08558366863045781
2012-10-22,,,0.0736176237885933,0.08028436420858825,0.46362682380112197,0.08299461817510231
2012-10-29,0.1108896087714926,0.4461924927522361,0.0735097633533116,0.07906891672146182,0.4646224468235552,0.0807330053230258
2012-11-05,,,0.1127688538172142,0.07636717018811183,0.4781731468006433,0.07872362265697458
2012-11-12,,,0.0922798930735625,0.07366542365476184,0.49172384677773145,0.07552540608160306
2012-11-19,,,0.0900637183537195,0.07096367712141186,0.5052745467548195,0.07174213540054614
2012-11-26,0.0236730625467231,0.5288994614652766,0.0675905671149555,0.06826193058806185,0.5188252467319077,0.06731908879948917
2012-12-03,,,0.0339821725783662,0.06764286635269055,0.5255130679006326,0.06288656237949507
2012-12-10,,,0.0581143926703634,0.06702380211731924,0.5322008890693574,0.0594633555485518
2012-12-17,,,0.0417753977489188,0.06640473788194795,0.5388887102380822,0.05608725348844873
2012-12-24,,,0.074747097341056,0.06578567364657664,0.5455765314068071,0.05321091068474113
2012-12-31,0.0311487665088462,0.5652059706039485,0.0,0.06516660941120533,0.5522643525755319,0.04958254041339867
2013-01-07,,,0.0,0.06613646999811208,0.5501359276681269,0.04768555522433854
2013-01-21,,,0.0,0.06710633058501882,0.5480075027607219,0.04745371381910636
2013-01-28,0.0485920757538001,0.5570462443646054,0.0510310363079828,0.06807619117192557,0.5458790778533169,0.048878920469909104
2013-02-04,,,0.0,0.06995612694251901,0.5361432202647387,0.05022897685155829
2013-02-11,,,0.0816496580927726,0.07183606271311246,0.5264073626761606,0.05333299139053478
2013-02-18,,,0.1020620726159657,0.07371599848370591,0.5166715050875825,0.05544820918978298
2013-02-25,0.0685272863194617,0.4979221997391579,0.1178511301977579,0.07559593425429936,0.5069356474990044,0.05593570587811713
2013-03-04,,,0.0,0.07780603646712858,0.5033400401689846,0.054261162438284764
2013-03-11,,,0.1767766952966369,0.08001613867995783,0.49974443283896475,0.05448137804890954
2013-03-18,,,0.0,0.08222624089278707,0.49614882550894496,0.050431133006443606
2013-03-25,,0.5026415572063582,0.0,0.0844363431056163,0.4925532181789251,0.04814190526244504
2013-04-01,0.0760029902815848,,0.0,0.08664644531844555,0.48208511011754546,0.047533756702955565
2013-04-08,,,0.0,0.0893536881039857,0.47161700205616575,0.04858545123690498
2013-04-15,,,0.0,0.09206093088952583,0.461148893994786,0.05133371324775603
2013-04-22,,,0.0,0.09476817367506597,0.45068078593340627,0.055874509981400436
2013-04-29,0.1083977074507849,0.4377174696590377,0.2154700538379252,0.09747541646060612,0.44021267787202656,0.06236640265032874
2013-05-06,,,0.0824786098842322,0.09967249464457961,0.431444385828133,0.06351203077736343
2013-05-13,,,0.0907218423253028,0.1018695728285531,0.4226760937842394,0.06399536020300513
2013-05-20,,,0.0,0.1040666510125266,0.4139078017403458,0.06354542094046306
2013-05-27,0.1619735858460004,0.3801679480193407,0.0962250448649376,0.1062637291965001,0.40513950969645224,0.06531444006420684
2013-06-03,,,0.0,0.10585867959917904,0.41338264792095797,0.0660040840774763
2013-06-10,,,0.2121643435534027,0.10545363000185796,0.42162578614546364,0.0689985411476937
2013-06-17,,,0.1414213562373095,0.1050485804045369,0.4298689243699694,0.06699375589366668
2013-06-24,,0.4482743895406099,0.0,0.10464353080721583,0.4381120625944751,0.06239001471945791
2013-07-01,0.0760029902815848,,0.1154700538379251,0.10423848120989476,0.4394322971398208,0.059964886013831986
2013-07-08,,,0.0,0.10515227103851763,0.4407525316851665,0.05560155852373552
2013-07-15,,,0.0,0.10606606086714049,0.44207276623051217,0.053179795708966346
2013-07-22,,,0.0,0.10697985069576335,0.44339300077585786,0.052615031430408604
2013-07-29,0.1410416147520558,0.4424869429983491,0.1167688227614703,0.10789364052438623,0.44471323532120355,0.053887544543507214
2013-08-05,,,0.0,0.10725913585327394,0.447550091738141,0.05296429063551941
2013-08-12,,,0.0524863881081478,0.10662463118216166,0.45038694815507846,0.05389050998838983
2013-08-19,,,0.0,0.10599012651104937,0.45322380457201594,0.05486576022303613
2013-08-26,0.0984301021679541,0.4441185092654843,0.0,0.10535562183993709,0.4560606609889534,0.05775688160882202
2013-09-02,,,0.0303868562731382,0.10504459829446743,0.46703289491752825,0.06266482993374631
2013-09-09,,,0.0969848785744052,0.10473357474899775,0.47800512884610313,0.06869990086304557
2013-09-16,,,0.1722379703335181,0.10442255120352807,0.488977362774678,0.07374728160838442
2013-09-23,,,0.1236498215573587,0.1041115276580584,0.49994959670325284,0.07535544145498271
2013-09-30,0.1295788686768003,0.5303807776981931,0.099381774558695,0.10380050411258873,0.5109218306318277,0.07527719781014697
2013-10-07,,,0.0540783047675191,0.10228541000181675,0.5086380045111283,0.07435724044412625
2013-10-14,,,0.0919929358370541,0.10077031589104476,0.5063541783904288,0.07414540828553345
2013-10-21,,,0.0339962646370085,0.0992552217802728,0.5040703522697294,0.07331035386562272
2013-10-28,0.0884624968851233,0.5013079904951311,0.0509855146882474,0.09774012766950081,0.5017865261490299,0.07384811792266814
2013-11-04,,,0.0351999485590531,0.09665837843269807,0.4998286938933719,0.07518422691831858
2013-11-11,,,0.0510310363079828,0.09557662919589534,0.4978708616377139,0.0779165568921573
2013-11-18,,,0.0976838362484429,0.0944948799590926,0.4959130293820559,0.08158770905785483
2013-11-25,0.0498380264141539,0.4861428639086219,0.1030942633904981,0.09341313072228988,0.49395519712639785,0.08469679654780266
2013-12-02,,,0.069307908724886,0.09436671232840048,0.4973193773057694,0.08716345830930558
2013-12-09,,,0.0613526462884136,0.09532029393451108,0.5006835574851409,0.09025362245549191
2013-12-16,,,0.0899071862880868,0.0962738755406217,0.5040477376645125,0.09435298698919117
2013-12-23,,,0.1061508590686564,0.09722745714673231,0.5074119178438841,0.09860759554525222
2013-12-30,0.0548218290555694,0.473605254328467,0.0690195042476419,0.09818103875284291,0.5107760980232556,0.10259879900292065
2014-01-27,0.0959382008472464,0.5506041034868101,,0.10115986707315888,0.5394622514018863,0.1077625662204956
2014-02-24,0.1009220034886618,0.6024617054866381,,0.10438259195986849,0.5605582171000554,0.11292632962719232
2014-03-31,0.1133815100922003,0.5536104137063332,,0.10776695598805369,0.5531081799527393,0.11809009303388904
2014-04-28,0.1208572140543234,0.5137363392870619,,0.11088907221858436,0.5453160050333378,0.12325385644058576
2014-05-26,0.0834786942437079,0.5649845353627735,,0.1135455907908433,0.5590369132237737,0.12841761984728248
2014-06-09,,,0.4728865473688549,0.11760649112798177,0.5687061100879965,0.1335813832539792
2014-06-30,0.0884624968851233,0.5905830968289326,,0.12166739146512023,0.5783753069522194,0.12689687384047688
2014-07-28,0.1108896087714926,0.5846718280798406,,0.1272792449702982,0.5797281650586094,0.12021236442697461
2014-08-18,,,0.1126309462863259,0.13365663495758454,0.5777132410517475,0.11352785501347233
2014-08-25,,0.5746647477823594,0.1206916953786143,0.14003402494487088,0.5756983170448857,0.10687466495616602
2014-09-01,0.1457762272614004,,0.0648748778902759,0.14641141493215726,0.5743874936331077,0.09973899492707028
2014-09-08,,,0.0583535330643665,0.15281847362770848,0.5730766702213296,0.09382075278877855
2014-09-15,,,0.0,0.1592255323232597,0.5717658468095516,0.08914099841876172
2014-09-22,,,0.1919085257943326,0.16563259101881095,0.5704550233977735,0.08757397848497303
2014-09-29,0.3321704460503364,0.5775692535735891,0.0778104126042228,0.17203964971436217,0.5691441999859955,0.08236367718728879
2014-10-06,,,0.0291605921759902,0.17096722777853762,0.5620939593336752,0.07731237235269538
2014-10-13,,,0.0480636844868052,0.16989480584271305,0.555043718681355,0.07394249028630567
2014-10-20,,,0.0,0.16882238390688847,0.5479934780290348,0.0714762760204733
2014-10-27,0.165711437827062,0.5241114824352506,0.0706362162866264,0.16774996197106393,0.5409432373767146,0.07150595780347234
2014-11-03,,,0.0084904451351415,0.16677275658446367,0.5453593290741225,0.07156601028478222
2014-11-10,,,0.0557005303318917,0.16579555119786343,0.5497754207715305,0.07382861251546216
2014-11-17,,,0.0673368562022891,0.1648183458112632,0.5541915124689385,0.07672423329738703
2014-11-24,,0.5742330142227847,0.1046992305584098,0.16384114042466294,0.5586076041663466,0.07994765399706134
2014-12-01,0.0934462995265387,,0.0867852295449836,0.1628639350380627,0.5523791644152516,0.08230676886574742
2014-12-08,,,0.0758462141661614,0.16512912819168446,0.5461507246641567,0.08450949936557031
2014-12-15,,,0.1173710325353318,0.1673943213453062,0.5399222849130618,0.08701474505648839
2014-12-22,,,0.0814816663980297,0.16965951449892797,0.533693845161967,0.08845997276390191
2014-12-29,0.0946922501868926,0.5105975002006946,0.1124962607064169,0.17192470765254972,0.5274654054108722,0.09014887751012936
2015-01-26,0.1694492898081236,0.5745538262673359,,0.17779731851060815,0.5327279247342316,0.09105742899053529
2015-02-23,0.2192873162222776,0.5435261977602718,,0.18405985385801588,0.5094972958699269,0.09196598047094123
2015-03-30,0.2043359082980314,0.424216474885754,,0.18867696478691764,0.4630850855289461,0.09287453195134718
2015-04-27,0.215549464241216,0.4033299599270818,,0.19256266884481726,0.4431514217897295,0.09378308343175312
2015-05-25,,0.4330445188797974,,0.19537469254341835,0.4503454175225699,0.09469163491215907
2015-06-01,0.1844006977323697,,,0.19818671624201947,0.4693253413702678,0.09560018639256501
2015-06-15,,,0.1095180776215176,0.20164266516166535,0.4883052652179658,0.09650873787297096
2015-06-29,0.1956142536755544,0.5144698237217438,,0.2050986140813112,0.5072851890656638,0.09696301331265253
2015-07-13,,,0.1924500897298753,0.2089975639200745,0.5213707089094722,0.09741728875233409
2015-07-20,,,0.0,0.2128965137588378,0.5354562287532806,0.09455309258611824
2015-07-27,0.2329927734861699,0.5605247798575295,0.18048599060853,0.2167954635976011,0.549541748597089,0.09499061698132176
2015-08-03,,,0.0408248290463863,0.21993786024132653,0.5561452746097354,0.09244270932675827
2015-08-10,,,0.0,0.22308025688505193,0.5627488006223818,0.09169725796418082
2015-08-17,,,0.1510967908321722,0.22622265352877735,0.5693523266350281,0.09415380363591891
2015-08-24,,,0.2036075375305438,0.22936505017250278,0.5759558526476743,0.09462194441774531
2015-08-31,0.3463742835783703,0.6076021543905475,0.0,0.2325074468162282,0.5825593786603207,0.09128439292830862
2015-09-07,,,0.1126678763706875,0.23033128625793,0.5721029611031426,0.09113442154677347
2015-09-14,,,0.1609019283536609,0.2281551256996318,0.5616465435459644,0.09023251864606818
2015-09-21,,,0.0641500299099584,0.22597896514133364,0.5511901259887863,0.08686289484154992
2015-09-28,0.2367306254672314,0.5133729296491688,0.0960304821311438,0.22380280458303545,0.5407337084316081,0.08428638664121008
2015-10-05,,,0.0735498531686305,0.22102280398820634,0.5489163326117829,0.08129978374704444
2015-10-12,,,0.0104972776216295,0.21824280339337723,0.5570989567919576,0.07858380240993698
2015-10-19,,,0.0587760385943145,0.21546280279854813,0.5652815809721324,0.07824534964117746
2015-10-26,0.2354846748068776,0.5800591745206847,0.0891511658979108,0.21268280220371905,0.5734642051523071,0.07858675009394585
2015-11-02,,,0.0630956687108399,0.20883775872896448,0.5771541242712998,0.0785592493513613
2015-11-09,,,0.0678174165593673,0.20499271525420992,0.5808440433902922,0.07907172483543982
2015-11-16,,,0.1038880289661171,0.20114767177945536,0.5845339625092847,0.07997719202421397
2015-11-23,,,0.0822153755133222,0.19730262830470077,0.5882238816282772,0.08004771135657693
2015-11-30,0.140792424619985,0.60542949930995,0.1316596289018162,0.1934575848299462,0.5919138007472697,0.08004253754003458
2015-12-07,,,0.0689546663514196,0.19207245571739992,0.5863963916822792,0.07823493497993067
2015-12-14,,,0.0829188648434581,0.1906873266048536,0.5808789826172887,0.0767513921931054
2015-12-21,,,0.0769886201335625,0.1893021974923073,0.5753615735522981,0.07505248605110361
2015-12-28,0.1108896087714926,0.5796263231929357,0.1425655368485065,0.187917068379761,0.5698441644873075,0.07328597161058004
2016-01-25,,0.5192487659684816,,0.19012978181472406,0.5576628345651871,0.06910026855574519
2016-02-01,0.1308248193371542,,,0.1923424952496871,0.5716504025961862,0.06491456550091035
2016-02-29,0.2118116122601545,0.6408877957123114,,0.19742861140294837,0.5856379706271851,0.06072886244607551
2016-03-28,0.2317468228258161,0.6120561320156669,,0.2018429181429421,0.5619875823729609,0.05654315939124066
2016-04-25,0.3476202342387241,0.437761790076299,0.0,0.20486045623508134,0.5042288891636859,0.05235745633640582
2016-05-02,,,0.0,0.20120988913477872,0.4917497197538473,0.05000003499506522
2016-05-09,,,0.0272165526975908,0.19755932203447613,0.4792705503440086,0.04938857604479647
2016-05-16,,,0.0703998971181063,0.1939087549341735,0.46679138093417,0.04955134693060699
2016-05-23,,,0.0,0.19025818783387088,0.4543122115243313,0.048986102635241335
2016-05-30,0.1943683030152005,0.4063468134662539,0.0510310363079828,0.18660762073356826,0.4418330421144927,0.05013141500038118
2016-06-06,,,0.0,0.18259456325577483,0.4535282319995836,0.051245313288122187
2016-06-13,,,0.2446045691440593,0.17858150577798143,0.46522342188467447,0.054148658117822324
2016-06-20,,,0.0,0.17456844830018803,0.47691861176976535,0.050401430446084174
2016-06-27,0.1383005232992773,0.4913504411049429,0.1013959156045827,0.1705553908223946,0.48861380165485624,0.04841418158283627
2016-07-04,,,0.0,0.16804891210663128,0.4984447048054266,0.04457685171414767
2016-07-11,,,0.0371134809512602,0.165542433390868,0.5082756079559969,0.04229611088810612
2016-07-18,,,0.0,0.16303595467510468,0.5181065111065674,0.04019634347453256
2016-07-25,,0.5453924308679664,0.0,0.1605294759593414,0.5279374142571377,0.03950020115786276
2016-08-01,0.1270869673560927,,0.0,0.15802299724357807,0.525877399180474,0.04018337518903567
2016-08-08,,,0.0,0.15696149626882117,0.5238173841038104,0.04226972147465419
2016-08-15,,,0.0,0.15589999529406426,0.5217573690271468,0.04583209360671685
2016-08-22,,,0.0,0.15483849431930732,0.5196973539504831,0.05099488685347092
2016-08-29,0.1432843259406927,0.4886692003170035,0.0394890561071244,0.15377699334455042,0.5176373388738195,0.057938381945571917
2016-09-05,,,0.1263414641430005,0.15320558986767868,0.535311350664858,0.0655261131678624
2016-09-12,,,0.0579763858619699,0.15263418639080695,0.5529853624558966,0.07099021956443216
2016-09-19,,,0.0635870038486121,0.1520627829139352,0.5706593742469351,0.07690875892710695
2016-09-26,0.1482681285821081,0.5955578771276622,0.1137834163361103,0.15149137943706348,0.5883333860379737,0.08329248363120034
2016-10-03,,,0.0974538928125225,0.15107052940082485,0.6010858423417735,0.08861148864506295
2016-10-10,,,0.1088864198546917,0.15064967936458626,0.6138382986455735,0.09362172377257316
2016-10-17,,,0.1462857413452905,0.15022882932834764,0.6265907549493733,0.0980989275677423
2016-10-24,,,0.0733302020337764,0.14980797929210904,0.6393432112531732,0.10089348524857403
2016-10-31,0.1856466483927236,0.6656765608495976,0.1259973310747628,0.14938712925587042,0.6520956675569731,0.1046505313731088
2016-11-07,,,0.1167229719461251,0.14727264890433583,0.655596382931738,0.10766216383038293
2016-11-14,,,0.1598371243826013,0.14515816855280123,0.659097098306503,0.11035739990504723
2016-11-21,,,0.0594328386506241,0.14304368820126664,0.662597813681268,0.11132484242782836
2016-11-28,0.1083977074507849,0.6826778701105972,0.0840132952020014,0.14092920784973204,0.666098529056033,0.11410431342221553
2016-12-05,,,0.0890576515153251,0.14033422738648257,0.6583048645320733,0.11793453940360894
2016-12-12,,,0.1031660232141699,0.13973924692323308,0.6505112000081137,0.12277312388373374
2016-12-19,,,0.0583895757186822,0.13914426645998362,0.6427175354841541,0.12829637309200118
2016-12-26,0.0984301021679541,0.6688046243029276,0.09064178710019,0.13854928599673413,0.6349238709601944,0.13626071337362766
2017-01-30,0.1208572140543234,0.584246802736555,,0.13982821527015002,0.604049548510903,0.14581803113221717
2017-02-27,0.1766758036381759,0.5514023920993638,,0.14199325289622705,0.5866654928386359,0.15537534889080667
2017-03-27,0.1171193620732619,0.6148167819200132,,0.1425383181468664,0.5933037945595591,0.16493266664939615
2017-04-24,,0.5535605858204541,,0.14427066650589312,0.5852867579768807,0.17448998440798566
2017-05-01,0.24595066035385,,,0.14600301486491982,0.5988826093785757,0.18404730216657517
2017-05-22,,,1.0,0.1430669515524177,0.6124784607802707,0.19360461992516464
2017-05-29,0.1333167206578619,0.6351414387937908,0.0641500299099584,0.14013088823991557,0.6260743121819657,0.17500323727317046
2017-06-05,,,0.1190864956486484,0.1375131049560844,0.6334933455661802,0.1602727625316399
2017-06-12,,,0.1468047884241919,0.13489532167225327,0.6409123789503947,0.14698048024364357
2017-06-19,,,0.0,0.1322775383884221,0.6483314123346091,0.13369433297753697
2017-06-26,0.0722651383005233,0.6669328589566541,0.1259919394798606,0.12965975510459093,0.6557504457188237,0.12507668798950383
2017-07-03,,,0.0679235610811324,0.1297227923409461,0.6555516598617954,0.11642708313022873
2017-07-10,,,0.0960584212856148,0.1297858295773013,0.6553528740047673,0.10947118359217199
2017-07-17,,,0.0721687836487032,0.12984886681365648,0.6551540881477391,0.1029836472972599
2017-07-24,,,0.1252339689353074,0.12991190405001168,0.6549553022907109,0.09757214210955997
2017-07-31,0.1245950660353849,0.6593037846425852,0.0909471343087656,0.12997494128636686,0.6547565164336827,0.09119470741179342
2017-08-07,,,0.0339617805405662,0.13028926480655786,0.6514599853475944,0.08482591777451473
2017-08-14,,,0.0233284737407921,0.13060358832674887,0.6481634542615061,0.08023326430741183
2017-08-21,,,0.0569018237589348,0.1309179118469399,0.6448669231754178,0.07762768193357804
2017-08-28,0.1245950660353849,0.6458355536602965,0.064460256389031,0.1312322353671309,0.6415703920893295,0.07574583043111638
2017-09-04,,,0.0885986751801114,0.13185657158069417,0.6353682958813583,0.07425806240961794
2017-09-11,,,0.0898402919020998,0.1324809077942574,0.6291661996733872,0.07226953132736008
2017-09-18,,,0.0343475192796064,0.13310524400782064,0.622964103465416,0.06966744293161134
2017-09-25,0.1619735858460004,0.6173531427392335,0.0629959697399303,0.13372958022138387,0.6167620072574448,0.06829869883968188
2017-10-02,,,0.1011247668814358,0.13303467929970825,0.6101572105633104,0.06711512192971784
2017-10-09,,,0.0525783423063208,0.13233977837803262,0.6035524138691761,0.06474395463056176
2017-10-16,,,0.049971517421502,0.131644877456357,0.5969476171750417,0.06279760106572767
2017-10-23,,,0.0160097368809358,0.13094997653468138,0.5903428204809075,0.06129912438077517
2017-10-30,0.1400448542237727,0.5673600700098673,0.0439826405627447,0.13025507561300576,0.5837380237867732,0.06138211793473755
2017-11-06,,,0.0458433073076247,0.12910290812437283,0.5882904155063002,0.06207268772577264
2017-11-13,,,0.0807339026156708,0.1279507406357399,0.5928428072258273,0.06332997487697119
2017-11-20,,,0.0502063482243131,0.12679857314710702,0.5973951989453544,0.06397953038774787
2017-11-27,0.0760029902815848,0.6162045080525543,0.0917659901173656,0.1256464056584741,0.6019475906648815,0.06511003472316261
2017-12-04,,,0.0563853452735479,0.12681301114969784,0.596787712117987,0.06530973379772184
2017-12-11,,,0.0553018043468467,0.12797961664092158,0.5916278335710924,0.06582106558869934
2017-12-18,,,0.0612486111682641,0.12914622213214533,0.5864679550241978,0.06669972181278867
2017-12-25,,0.6087460236293379,0.0464440596701249,0.13031282762336907,0.5813080764773032,0.06776872658715104
2018-01-01,0.0784948916022925,,,0.13147943311459281,0.557456586619904,0.06958237216912355
2018-01-29,0.0917019686020433,0.593976108519298,,0.1351208708121843,0.5336050967625048,0.07139601775109607
2018-02-26,0.1619735858460004,0.3446255605638068,,0.14079034337594215,0.4686269336912823,0.07320966333306858
2018-03-26,0.0959382008472464,0.4672045505955538,,0.14547037695987936,0.4881224907429497,0.0750233089150411
2018-04-30,0.2282581609768253,0.5719475645847484,,0.1524639876966275,0.5218680208150125,0.07683695449701361
2018-05-28,0.1851482681285821,0.4796709067647107,,0.15591736092758723,0.5214977563793985,0.07865060007898612
2018-06-11,,,0.2162028579980574,0.15800540026119556,0.54962128599509,0.08046424566095864
2018-06-25,0.1021679541490157,0.6159962559059166,,0.16009343959480385,0.5777448156107814,0.07753800431724711
2018-07-02,,,0.1269669468428561,0.16488709556411413,0.5798102348983968,0.07461176297353558
2018-07-09,,,0.0,0.16968075153342438,0.5818756541860122,0.06985731926911559
2018-07-16,,,0.0,0.17447440750273463,0.5839410734736274,0.06754223890108149
2018-07-23,,,0.0774359361176306,0.1792680634720449,0.5860064927612428,0.06758568106091595
2018-07-30,0.1781709444306005,0.5635475659775169,0.0314037146510663,0.1840617194413552,0.5880719120488582,0.06728515996406097
2018-08-06,,,0.0145802960879951,0.18913052509208142,0.6068441039630773,0.06823759107133888
2018-08-13,,,0.0760938569213944,0.19419933074280768,0.6256162958772965,0.07106369324818329
2018-08-20,,,0.0365640616100312,0.1992681363935339,0.6443884877915156,0.0737141460160777
2018-08-27,0.2197856964864191,0.6765724000945779,0.0879316720412269,0.20433694204426017,0.6631606797057348,0.0776618508799857
2018-09-03,,,0.0873030129076083,0.20868415845498434,0.6727963767092975,0.08125094156467702
2018-09-10,,,0.1011117613599413,0.21303137486570847,0.6824320737128602,0.08462869861822418
2018-09-17,,,0.0638523779837092,0.2173785912764326,0.6920677707164229,0.08743087992188327
2018-09-24,,0.7138614120008508,0.0860522201244804,0.22172580768715675,0.7017034677199856,0.09105640420172084
2018-10-01,0.3094941440318963,,0.1285365787195911,0.22607302409788088,0.703056782387381,0.09485667070319335
2018-10-08,,,0.1063889896894742,0.2265237592253606,0.7044100970547763,0.09748086097317538
2018-10-15,,,0.1220228415267097,0.22697449435284034,0.7057634117221717,0.09979398630660245
2018-10-22,,,0.061746386764351,0.22742522948032007,0.707116726389567,0.10133089727908522
2018-10-29,0.2980313979566409,0.7213781787879773,0.0377451301003106,0.22787596460779982,0.7084700410569624,0.10425006861667642
2018-11-05,,,0.0765926609276278,0.22504983971256728,0.7010299175026977,0.10949154075828864
2018-11-12,,,0.1075128781570562,0.22222371481733477,0.693589793948433,0.11588181623370643
2018-11-19,,,0.0536936885556228,0.21939758992210223,0.6861496703941683,0.1225643285272881
2018-11-26,0.1243458759033142,0.6729345394232382,0.0603000639425168,0.21657146502686972,0.6787095468399037,0.13165175008246216
2018-12-03,,,0.0841673749543801,0.21805306558701787,0.6752035439160735,0.14323071710459845
2018-12-10,,,0.0371500092824009,0.21953466614716605,0.6716975409922433,0.15687213016493182
2018-12-17,,,0.1301732327302716,0.2210162667073142,0.6681915380684131,0.17469414670806047
2018-12-24,,,0.1050338019873685,0.22249786726746235,0.6646855351445831,0.19407079899152482
2018-12-31,0.2040867181659606,0.6704152009375525,0.0816496580927726,0.22397946782761052,0.6611795322207529,0.21655655406258872
2019-01-14,,,0.8164965809277261,0.22639023029292363,0.6513818949814815,0.24375315316971752
2019-01-21,,,0.0,0.22880099275823676,0.6415842577422101,0.2509499965827204
2019-01-28,0.1701968602043359,0.6299094169160386,0.8164965809277261,0.2312117552235499,0.6317866205029387,0.26690981898396354
2019-02-25,0.2833291801644655,0.6206773190172792,,0.2364724362302293,0.6232677946704607,0.2636784984774175
2019-03-11,,,0.1443375672974064,0.23954450569731364,0.61651368409712,0.26044717797087136
2019-03-18,,,0.3057570140046772,0.242616575164398,0.6097595735237793,0.26127031489616254
2019-03-25,,0.6002945208913248,0.6340099943042,0.24568864463148238,0.6030054629504386,0.2605400108377811
2019-04-01,0.2638923498629454,,0.2886751345948129,0.24876071409856673,0.5980981332231093,0.24676842500047808
2019-04-08,,,0.2327526869976744,0.25112600648584915,0.59319080349578,0.2315334894096699
2019-04-15,,,0.1020620726159657,0.25349129887313154,0.5882834737684508,0.21625598038594007
2019-04-22,,,0.1639819823667473,0.25585659126041393,0.5833761440411215,0.204966033936428
2019-04-29,0.2783453775230501,0.6047513171632968,0.0543928293220421,0.2582218836476963,0.5784688143137923,0.19510721873875359
2019-05-06,,,0.1012999709042819,0.2596472363973807,0.5556569990647121,0.19016204073810236
2019-05-13,,,0.1667431865455607,0.2610725891470651,0.5328451838156321,0.18831985720411423
2019-05-20,,,0.1077965544619743,0.26249794189674946,0.510033368566552,0.18723111425267963
2019-05-27,0.2230251682033391,0.4548350341824271,0.2707071634478483,0.2639232946464338,0.4872215533174719,0.18891616443878195
2019-06-03,,,0.2256940454453382,0.26725894042900167,0.48647247563466006,0.18774513645989663
2019-06-10,,,0.2008253928972525,0.27059458621156945,0.4857233979518482,0.18524896205106725
2019-06-17,,,0.2006219285813146,0.27393023199413724,0.48497432026903636,0.18220887077403458
2019-06-24,,0.4711944067893674,0.2259800407920201,0.277265877776705,0.4842252425862245,0.1785258098182944
2019-07-01,0.2088213306753052,,0.2229132539792385,0.2806015235592728,0.49235318899039154,0.17318568397078887
2019-07-08,,,0.1495380522872733,0.28728991956026595,0.5004811353945585,0.16610910999794276
2019-07-15,,,0.1275775907699572,0.29397831556125903,0.5086090817987254,0.15961118449096198
2019-07-22,,,0.1539600717839002,0.3006667115622521,0.5167370282028925,0.15423184719883487
2019-07-29,0.4330924495389983,0.5492019317120117,0.0518736084028152,0.30735510756324524,0.5248649746070594,0.14886200009313144
2019-08-05,,,0.1722037414740927,0.30817049202949803,0.5164138037702173,0.14687891230226746
2019-08-12,,,0.2660450386236154,0.3089858764957509,0.5079626329333753,0.14401150114445604
2019-08-19,,,0.1093199520145646,0.3098012609620037,0.4995114620965332,0.13688277363138418
2019-08-26,0.2626463992025916,0.4800784718354416,0.1093436084371207,0.3106166454282565,0.49106029125969114,0.13071651844337243
2019-09-02,,,0.0703876362868729,0.31367265153467405,0.4900902887122559,0.12529658867418011
2019-09-09,,,0.0898402919020998,0.3167286576410916,0.48912028616482073,0.12179403687904031
2019-09-16,,,0.1157923638571785,0.3197846637475091,0.4881502836173855,0.11940728504262342
2019-09-23,,,0.1514437327566091,0.3228406698539266,0.48718028106995026,0.11714676344658734
2019-09-30,0.2778469972589085,0.4879886345140708,0.1328547414805208,0.32589667596034416,0.486210278522515,0.11368861831790869
2019-10-07,,,0.0751119175804583,0.3311970138843415,0.4840288027266738,0.10956120705315883
2019-10-14,,,0.088605685169432,0.3364973518083388,0.4818473269308326,0.10663673822283765
2019-10-21,,,0.0871066581019369,0.34179768973233615,0.4796658511349914,0.10434189976189068
2019-10-28,0.2853227012210316,0.4906428152795211,0.0783105913579014,0.34709802765633346,0.47748437533915017,0.10264890255450052
2019-11-04,,,0.0486241702038604,0.3552838027863029,0.4663389474132461,0.10180578027251108
2019-11-11,,,0.0591937121760572,0.3634695779162723,0.45519351948734205,0.10281971851229278
2019-11-18,,,0.090118718806156,0.37165535304624175,0.44404809156143793,0.10535704301256904
2019-11-25,0.2317468228258161,0.4123166938322388,0.0672077015657933,0.37984112817621113,0.43290266363553387,0.10842648141453579
2019-12-02,,,0.0956877612963989,0.3949441766466647,0.43578105986385207,0.11293524692680686
2019-12-09,,,0.127502503056188,0.4100472251171183,0.4386594560921703,0.11804628160728985
2019-12-16,,,0.1162160723890387,0.42515027358757185,0.4415378523204884,0.12282711217869303
2019-12-23,,,0.0829151525201673,0.4402533220580254,0.4444162485488066,0.12783879526509187
2019-12-30,0.2466982307500622,0.5131994204253184,0.0769535906564018,0.455356370528479,0.4472946447771248,0.13441917801756453
2020-01-20,,,0.0,0.4802055424852426,0.4052765900028869,0.14300621566701516
2020-01-27,0.4380762521804137,0.400663256254494,,0.5050547144420062,0.36325853522864904,0.15658692233028754
2020-02-24,1.0,0.1209968997148853,,0.5330323546426536,0.2957591825016557,0.1701676207695006
2020-03-16,,,0.5773502691896258,0.5391986035378998,0.34731351274469363,0.18374831920871362
2020-03-23,,,0.0,0.5453648524331461,0.3988678429877316,0.18358474323317805
2020-03-30,0.6277099426862696,0.4563969422979479,,0.5515311013283923,0.45042217323076955,0.1898318039160237
2020-04-13,,,0.8164965809277261,0.554139145421725,0.4979062987877603,0.19607886459886933
2020-04-20,,,0.0,0.5567471895150579,0.5453904243447512,0.18066142045543299
2020-04-27,0.6516321953650636,0.6185010398009102,,0.5593552336083906,0.592874549901742,0.17155253280928576
2020-05-18,,,0.1187564333648259,0.5576531527040736,0.6229010870395386,0.16244364516313853
2020-05-25,,0.6937835075786644,0.0948471126621692,0.5559510717997567,0.6529276241773351,0.15486028102468827
2020-06-01,0.6052828307999003,,0.0819909911833736,0.5542489908954397,0.6551218206500861,0.149372530118116
2020-06-08,,,0.2100953631303899,0.5501631922688347,0.6573160171228369,0.14623769022139027
2020-06-15,,,0.0816496580927726,0.5460773936422297,0.6595102135955879,0.14087298997973716
2020-06-22,,,0.0,0.5419915950156248,0.6617044100683389,0.1375763224936373
2020-06-29,0.5965611761774234,0.6897421675437049,0.0579763858619699,0.5379057963890199,0.6638986065410899,0.13908371334468797
2020-07-06,,,0.089599869059408,0.5310802888051642,0.6484873387834611,0.1434233090819782
2020-07-13,,,0.1742308562646689,0.5242547812213085,0.6330760710258324,0.1496423775445734
2020-07-20,,,0.1802095140581215,0.517429273637453,0.6176648032682037,0.1550028354261321
2020-07-27,0.4482930475953153,0.595741060046788,0.2883397224115786,0.5106037660535973,0.602253535510575,0.15948309566583654
2020-08-03,,,0.0985598559653488,0.506688703071903,0.5912787753154035,0.15946378257202928
2020-08-10,,,0.1020620726159657,0.5027736400902086,0.5803040151202321,0.16157118729620673
2020-08-17,,,0.2546934115328307,0.49885857710851433,0.5693292549250607,0.16575660408913445
2020-08-24,,,0.214029909803274,0.49494351412682003,0.5583544947298893,0.1668364166361048
2020-08-31,0.4943932220284077,0.5211555994158843,0.2065357856943956,0.49102845114512567,0.5473797345347179,0.16626826905302095
2020-09-07,,,0.2053967478813503,0.4869562245245413,0.5542696978875341,0.1642940110613216
2020-09-14,,,0.1938193819064296,0.4828839979039569,0.5611596612403503,0.1608844774210157
2020-09-21,,,0.1235598559653489,0.4788117712833725,0.5680496245931664,0.15632488249393764
2020-09-28,0.5280338898579616,0.5551349092449603,0.1449786769897697,0.4747395446627881,0.5749395879459827,0.15290941684730974
2020-10-05,,,0.1264869153229535,0.46817801534859305,0.595321134847588,0.14977088647734732
2020-10-12,,,0.1498409461355212,0.46161648603439803,0.6157026817491933,0.14744541429733182
2020-10-19,,,0.0737792793503772,0.455054956720203,0.6360842286507987,0.1450362920059413
2020-10-26,0.4156491402940444,0.6764943350478884,0.2161421976678608,0.448493427406008,0.656465775552404,0.14511540925696353
2020-11-02,,,0.112692555593313,0.44346600780041556,0.6632032241136877,0.14271432621740032
2020-11-09,,,0.149847238821468,0.4384385881948231,0.6699406726749715,0.1413615800925656
2020-11-16,,,0.08769751424144,0.4334111685892307,0.6766781212362553,0.13971252135503776
2020-11-23,,,0.0687299352838401,0.4283837489836382,0.6834155697975389,0.13987978627009615
2020-11-30,0.3471218539745827,0.7108700433316684,0.1519827494374649,0.42335632937804574,0.6901530183588227,0.14253154872529883
2020-12-07,,,0.1029716116564284,0.4218897131611216,0.682777363772966,0.1448532825916107
2020-12-14,,,0.1012326465211686,0.4204230969441975,0.6754017091871095,0.1486374918808956
2020-12-21,,,0.07966610517185,0.4189564807272734,0.668026054601253,0.1540770415546588
2020-12-28,0.3446299526538749,0.6935042406441131,0.0920628785140823,0.41748986451034925,0.6606504000153963,0.1621149633379944
2021-01-11,,,0.4082482904638631,0.41942643064187773,0.6308936534445404,0.1725990495196309
2021-01-25,,0.5624638841534858,,0.4213629967734063,0.6011369068736845,0.17485444721707205
2021-02-01,0.2992773486169947,,,0.42329956290493476,0.597725466126288,0.17710984491451323
2021-02-08,,,0.3178206959130841,0.43102902940823634,0.5943140253788913,0.1793652426119544
2021-02-15,,,0.1632993161855452,0.4387584959115379,0.5909025846314948,0.17678588340719675
2021-02-22,,0.5884091492761783,0.2787693700234704,0.4464879624148395,0.5874911438840982,0.17467746465590056
2021-03-01,0.5808621978569649,,0.2335079283817679,0.4542174289181411,0.5834543283637774,0.16893423740887586
2021-03-08,,,0.2041241452319315,0.45603149927018916,0.5794175128434568,0.16093614702220554
2021-03-15,,,0.0,0.4578455696222371,0.575380697323136,0.15142996527865313
2021-03-22,,,0.0,0.4596596399742851,0.5713438818028153,0.1472116003193077
2021-03-29,0.4310989284824321,0.5394041447178737,0.4267766952966369,0.4614737103263331,0.5673070662824945,0.14813375011584948
2021-04-05,,,0.0824786098842322,0.46470654332543027,0.5822786175843512,0.13932590466596473
2021-04-12,,,0.0,0.4679393763245275,0.5972501688862077,0.13250312260119307
2021-04-19,,,0.0883883476483184,0.4711722093236247,0.6122217201880644,0.13030724667326907
2021-04-26,0.5340144530276602,0.6559788940539866,0.0583211843519804,0.4744050423227219,0.627193271489921,0.12957514614430077
2021-05-03,,,0.1971197119306977,0.47485360494399703,0.6225551316834359,0.13133117862397017
2021-05-10,,,0.1360827634879543,0.47530216756527216,0.6179169918769507,0.13078992661316555
2021-05-17,,,0.2548547388496603,0.4757507301865473,0.6132788520704656,0.13006385284920868
2021-05-24,,,0.0,0.4761992928078224,0.6086407122639804,0.12498017826103591
2021-05-31,0.6005482182905557,0.634851749159742,0.3683905718408463,0.47664785542909754,0.6040025724574953,0.12426071443581078
2021-06-07,,,0.0,0.4713092091845755,0.5783489821520208,0.11501642558578337
2021-06-14,,,0.0,0.4659705629400534,0.5526953918465464,0.10978842099331916
2021-06-21,,,0.1020620726159657,0.4606319166955314,0.5270418015410718,0.10839414279821478
2021-06-28,0.3550959382008473,0.4800658714495742,0.0,0.45529327045100937,0.5013882112355974,0.10722097557627122
2021-07-05,,,0.0,0.4546346983897708,0.49026008397961707,0.10979188155164998
2021-07-12,,,0.0,0.4539761263285322,0.47913195672363673,0.11619663476439794
2021-07-19,,,0.0510310363079828,0.45331755426729364,0.46800382946765645,0.12665888422265398
2021-07-26,0.4129080488412659,0.4435639708870649,0.2358104758460389,0.45265898220605505,0.45687570221167617,0.139761999396099
2021-08-02,,,0.2378734388029863,0.45385711942862744,0.4548159541026777,0.14951117636494285
2021-08-09,,,0.2238276988858464,0.45505525665119984,0.4527562059936794,0.15617481175322442
2021-08-16,,,0.1972257018211324,0.45625339387377223,0.450696457884681,0.1604760608633235
2021-08-23,,,0.1521844491907871,0.4574515310963446,0.4486367097756826,0.16349404105162965
2021-08-30,0.5477199102915525,0.4431184369847065,0.2162028579980574,0.45864966831891707,0.4465769616666842,0.16690694340447731
2021-09-06,,,0.1926898747257572,0.45568746184177716,0.4468732717097448,0.16859847070384001
2021-09-13,,,0.1898270586146192,0.45272525536463726,0.44716958175280536,0.1694487448845892
2021-09-20,,,0.1238323933414872,0.44976304888749735,0.44746589179586593,0.16958742417606262
2021-09-27,0.4881634687266384,0.4456651953481131,0.212659969310536,0.4468008424103575,0.44776220183892645,0.1713238336100727
2021-10-04,,,0.1050653138885386,0.44190664677513986,0.4494870600902295,0.17161681728783332
2021-10-11,,,0.2336926140893815,0.4370124511399222,0.45121191834153246,0.17423372777916368
2021-10-18,,,0.3011180911870554,0.43211825550470456,0.4529367765928354,0.1747743801374167
2021-10-25,,0.4361986925481012,0.1937581249454927,0.4272240598694869,0.45466163484413835,0.17090320822668895
2021-11-01,0.3792673810117119,,0.1774296152563315,0.4223298642342693,0.4689640426888413,0.16623395370421956
2021-11-08,,,0.2033316482600555,0.41944705564371665,0.48326645053354417,0.16117375805208303
2021-11-15,,,0.1533118617524573,0.41656424705316397,0.4975688583782471,0.15464144048320008
2021-11-22,,,0.0779900524944308,0.4136814384626113,0.51187126622295,0.14815555080669768
2021-11-29,0.2927984051831547,0.5423245832010659,0.1799763400120543,0.4107986298720586,0.5261736740676529,0.1441197877222843
2021-12-06,,,0.089770797335309,0.4134274431259817,0.5294735636058561,0.13883194071658508
2021-12-13,,,0.1155052956722303,0.41605625637990473,0.5327734531440592,0.1352572720524946
2021-12-20,,,0.0791423638707022,0.41868506963382784,0.5360733426822624,0.132372327593885
2021-12-27,0.3501121355594319,0.5738338566999847,0.1075738923538455,0.4213138828877509,0.5393732322204655,0.1313461335575083
2022-01-31,0.3820084724644904,0.5691030392310732,,0.42726842799493286,0.519197436980966,0.1311500483599149
2022-02-28,0.5188138549713431,0.4307503248025673,0.3385410681680073,0.435337000937564,0.4650243417865214,0.1309539633130075
2022-03-28,0.4134064291054075,0.393654878443877,,0.4395064893368082,0.43419980834722244,0.12350909778056468
2022-04-18,,,0.0,0.44489507424618846,0.4309957840577413,0.11606423224812187
2022-04-25,0.4953899825566908,0.4309829815371686,,0.4502836591555688,0.42779175976826017,0.11267223956814505
2022-05-16,,,0.0,0.4535653921666833,0.4224137726608051,0.1092802468881682
2022-05-30,0.557936705706454,0.3793217901205879,0.0,0.45684712517779774,0.41703578555334997,0.10970423556045679
2022-06-06,,,0.1443375672974064,0.455407108363778,0.43734978406308644,0.1139590109401696
2022-06-13,,,0.0372161463782393,0.4539670915497583,0.4576637825728229,0.1171529907244388
2022-06-20,,,0.0,0.45252707473573855,0.4779777810825594,0.12313830303283929
2022-06-27,0.3421380513331672,0.4821020543554848,0.2808060412490447,0.4510870579217188,0.49829177959229587,0.13342350925165328
2022-07-04,,,0.1154700538379251,0.4547358934910781,0.5296347391855112,0.1385622319131301
2022-07-11,,,0.2536828504894289,0.4583847290604374,0.5609776987787265,0.14450731549917872
2022-07-18,,,0.1183654281323345,0.4620335646297967,0.5923206583719418,0.14664007419111602
2022-07-25,,0.6767598049443834,0.1647043287898285,0.465682400199156,0.6236636179651571,0.14976016156481065
2022-08-01,0.4310989284824321,,0.1683943932747761,0.4693312357685153,0.6188357487574292,0.15235841022492552
2022-08-08,,,0.2039570457033953,0.4747658477680317,0.6140078795497013,0.15439669481078186
2022-08-15,,,0.2218662901738017,0.4802004597675481,0.6091800103419733,0.15470437043295718
2022-08-22,,,0.1138926442824005,0.4856350717670645,0.6043521411342453,0.15266680397697646
2022-08-29,0.545975579367057,0.6004796644987128,0.0911703191322383,0.4910696837665809,0.5995242719265174,0.15198320106479776
2022-09-05,,,0.231247637370242,0.49393971985634866,0.5940455585973444,0.15342313676129044
2022-09-12,,,0.1273305231093272,0.4968097559461164,0.5885668452681715,0.15214550133647115
2022-09-19,,,0.1890588640006315,0.4996797920358842,0.5830881319389986,0.15173438567957073
2022-09-26,0.592823324196362,0.5721108983353005,0.1586268444902216,0.502549828125652,0.5776094186098256,0.15001992822658197
2022-10-03,,,0.1274187315005915,0.5012033182365263,0.5758764739850265,0.14800492394195797
2022-10-10,,,0.1443510619477206,0.4998568083474006,0.5741435293602273,0.14670877350976708
2022-10-17,,,0.0901980812193455,0.49851029845827494,0.5724105847354282,0.14549495253428027
2022-10-24,,,0.1223948985220911,0.4971637885691493,0.570677640110629,0.14621205536053367
2022-10-31,0.6658360328930975,0.5728232829702783,0.1138652467073361,0.4958172786800236,0.5689446954858298,0.1477608348067391
2022-11-07,,,0.1513945989177002,0.4865294357793563,0.5645695324293314,0.1504932218654324
2022-11-14,,,0.1695379267405583,0.47724159287868895,0.560194369372833,0.1531941335374867
2022-11-21,,,0.1495815808583657,0.46795374997802164,0.5558192063163344,0.1553243326437831
2022-11-28,0.3182157986543732,0.5297219498162744,0.146031170648986,0.4586659070773543,0.551444043259836,0.15765506418249856
2022-12-05,,,0.1238206798245835,0.4559382880040902,0.5618666682903156,0.16039169305607268
2022-12-12,,,0.1107000847838718,0.4532106689308261,0.5722892933207954,0.16440535330996228
2022-12-19,,,0.0944716725581557,0.45048304985756205,0.582711918351275,0.17029435983227392
2022-12-26,0.5203089957637678,0.6225372418703282,0.1465542108477959,0.447755430784298,0.5931345433817546,0.17883103570889058
2023-01-02,,,0.4669867732056246,0.44163893838736273,0.5835271053545604,0.188494793242875
2023-01-09,,,0.0824786098842322,0.4355224459904275,0.5739196673273662,0.18843382711860432
2023-01-16,,,0.0742269619025205,0.4294059535934922,0.5643122293001719,0.1920727348933683
2023-01-23,,,0.2041241452319315,0.42328946119655697,0.5547047912729777,0.1998267255397566
2023-01-30,0.2830799900323947,0.5741808273566696,0.2038079155929214,0.4171729687996217,0.5450973532457833,0.20743065362795007
2023-02-06,,,0.1692892624571415,0.4173197677897389,0.5156773180651794,0.21516108491484112
2023-02-13,,,0.0453609211626514,0.4174665667798561,0.48625728288457526,0.2244933384836266
2023-02-20,,,0.2041241452319315,0.4176133657699733,0.45683724770397127,0.24008075575774257
2023-02-27,0.5051083977074509,0.4758698554529771,0.2917450212231626,0.4177601647600905,0.4274172125233672,0.2569237509505773
2023-03-06,,,0.3931851652578136,0.41382705263090036,0.36498967996737075,0.2725508134563026
2023-03-13,,,0.4833729138337336,0.4098939405017102,0.3025621474113742,0.28396541471648856
2023-03-20,,,0.3154700538379251,0.40596082837252007,0.2401346148553778,0.2884168554046061
2023-03-27,0.3760279092947919,0.0836820164042609,0.2886751345948129,0.4020277162433299,0.1777070822993813,0.2919236186582582
2023-04-03,,,0.2,0.3993090179367194,0.17933244609958512,0.29554381654325423
2023-04-10,,,0.7814744144215574,0.39659031963010893,0.1809578098997889,0.3025003329679446
2023-04-17,,,0.1360827634879543,0.39387162132349846,0.1825831736999927,0.2927314330778777
2023-04-24,,0.1815395735561043,0.4518356073353921,0.391152923016888,0.18420853750019647,0.2884325874464733
2023-05-01,0.3969598803887367,,0.0,0.3884342247102775,0.18765208530550442,0.27842783070097166
2023-05-08,,,0.4330127018922194,0.3853173052121417,0.19109563311081235,0.2781455653436381
2023-05-15,,,0.2721655269759087,0.3822003857140059,0.19453918091612027,0.2724554555276056
2023-05-22,,,0.1166423687039608,0.3790834662158701,0.1979827287214282,0.26677546979952776
2023-05-29,0.3725392474458011,0.2120615419745026,0.0,0.3759665467177343,0.20142627652673611,0.2663380195565189
2023-06-05,,,0.1443375672974064,0.37300971147015427,0.19762473974782982,0.2752008935481986
2023-06-12,,,0.2780931089239486,0.37005287622257427,0.1938232029689235,0.2886334169147169
2023-06-19,,,0.5122395058968514,0.36709604097499426,0.1900216661900172,0.30243399994470666
2023-06-26,0.2848243209568902,0.2114436608615671,0.356628632918552,0.3641392057274143,0.18622012941111088,0.3089083317889781
2023-07-03,,,0.6446772378423572,0.36488705538739113,0.16523551245722673,0.31371630644616433
2023-07-10,,,0.7285015402222602,0.36563490504736795,0.14425089550334258,0.3069673731706252
2023-07-17,,,0.1105171715522538,0.3663827547073448,0.12326627854945846,0.2854987823857772
2023-07-24,,,0.1775051538706837,0.36713060436732164,0.10228166159557432,0.2701404184418798
2023-07-31,0.4460503364066783,0.034770683431601,0.217535728627075,0.36787845402729846,0.08129704464169019,0.25801680858045556
2023-08-07,,,0.282604620934933,0.36497500678778305,0.09200768005535198,0.2473067677226745
2023-08-14,,,0.2243888876557946,0.3620715595482677,0.10271831546901376,0.23536415225834992
2023-08-21,,,0.1841731059269013,0.35916811230875234,0.11342895088267554,0.22380478481672683
2023-08-28,0.3902317468228258,0.1074840646979027,0.228741413844383,0.356264665069237,0.12413958629633734,0.21362932592955713
2023-09-04,,,0.1753846575828698,0.3517746639881527,0.14619649824324804,0.20292616424687582
2023-09-11,,,0.2295736108528085,0.34728466290706844,0.16825341019015877,0.19318473135647735
2023-09-18,,,0.0999944741772524,0.34279466182598417,0.19031032213706944,0.18217262603855083
2023-09-25,0.3035135808621979,0.2214795082932878,0.1073124907811362,0.3383046607448999,0.21236723408398017,0.1740301202565455
2023-10-02,,,0.1903496494356567,0.3354397012803036,0.22821657201920012,0.16821734414409434
2023-10-09,,,0.1550901597566794,0.33257474181570734,0.24406590995442007,0.16163172450139768
2023-10-16,,,0.0883943011090405,0.32970978235111104,0.25991524788964004,0.15527453140189376
2023-10-23,,,0.1653211364301175,0.32684482288651473,0.27576458582485996,0.15125274587074936
2023-10-30,0.3077498131074009,0.303093789276012,0.0825474767283513,0.3239798634219185,0.29161392376007994,0.14673970267432598
2023-11-06,,,0.1107024052333453,0.3218729864108622,0.2996428084036711,0.14446820394698756
2023-11-13,,,0.1109534264559436,0.3197661093998059,0.3076716930472622,0.1433757816301556
2023-11-20,,,0.0743573476301881,0.3176592323887496,0.3157005776908533,0.14341552368127417
2023-11-27,0.2559182656366808,0.3303533053149777,0.062024216483671,0.3155523553776933,0.32372946233444444,0.14586672553599397
2023-12-04,,,0.1984096384936053,0.31623090146696187,0.3272459722844076,0.15124564503363536
2023-12-11,,,0.112801133050988,0.31690944755623035,0.33076248223437077,0.15497763319150473
2023-12-18,,,0.116261946133036,0.3175879936454989,0.33427899218433393,0.16018239315658483
2023-12-25,,0.3308603484547668,0.0796871465430749,0.3182665397347674,0.3377955021342971,0.16692082224833196
2024-01-01,0.2696237229005732,,0.4082482904638631,0.3189450858240359,0.34603646162992474,0.17670538598354257
2024-01-08,,,0.0,0.32192736228335206,0.35427742112555244,0.1784046448512987
2024-01-15,,,0.1632993161855452,0.3249096387426682,0.36251838062118014,0.18633366034506837
2024-01-22,,,0.1649572197684645,0.32789191520198435,0.3707593401168078,0.19506701789099296
2024-01-29,0.2885621729379517,0.3604011458721752,0.2886751345948129,0.3308741916613005,0.3790002996124354,0.204851787044043
2024-02-05,,,0.0,0.3358328020411181,0.3999116003143834,0.2117095076594594
2024-02-12,,,0.2604914714738525,0.34079141242093575,0.4208229010163313,0.22595996577468072
2024-02-19,,,0.1443375672974064,0.34575002280075334,0.44173420171827926,0.23900460956474845
2024-02-26,0.315225517069524,0.4828762737645895,0.2574421629401735,0.350708633180571,0.46264550242022723,0.25535495559323956
2024-03-04,,,0.5872672270190457,0.3573246092000161,0.46977495157237825,0.2716324179038754
2024-03-11,,,0.2869633203608842,0.3639405852194612,0.4769044007245292,0.2768881489971166
2024-03-18,,,0.2524389962964351,0.37055656123890635,0.48403384987668024,0.28179206264965184
2024-03-25,,0.5135418633860727,0.3608439182435161,0.3771725372583515,0.49116329902883127,0.287720963402496
2024-04-01,0.3942187889359581,,0.4579244826177381,0.3837885132777966,0.48304775101210146,0.2910964653197088
2024-04-08,,,0.3244467364320315,0.3899173060286252,0.4749322029953717,0.28864645777760584
2024-04-15,,,0.1163338647918462,0.3960460987794538,0.46681665497864194,0.2849463313086867
2024-04-22,,,0.6154153284764973,0.40217489153028235,0.4587011069619122,0.2871340259297806
2024-04-29,0.3565910789932719,0.4357944267311304,0.2199132028137236,0.40830368428111097,0.45058555894518243,0.2778583832513251
2024-05-06,,,0.1360827634879543,0.4168478989151659,0.45254620550144364,0.2706061428899874
2024-05-13,,,0.3340099943042,0.4253921135492208,0.45450685205770486,0.2680513582192348
2024-05-20,,,0.4651164177082155,0.43393632818327577,0.45646749861396607,0.26319334735986133
2024-05-27,0.6733117368552206,0.4465859450240484,0.3065253250411271,0.44248054281733074,0.4584281451702273,0.25128433406444617
2024-06-03,,,0.2431208510193021,0.4402429622912508,0.4684560790117607,0.2374463467232523
2024-06-10,,,0.1443375672974064,0.4380053817651709,0.47848401285329395,0.22341020994056193
2024-06-17,,,0.1477926532889709,0.435767801239091,0.4885119466948273,0.2121352306370011
2024-06-24,,0.5171318554222193,0.1501745950484345,0.4335302207130111,0.4985398805363606,0.20310704596091628
2024-07-01,0.3772738599551458,,0.0793148469923613,0.4312926401869312,0.49590236363788237,0.19592722283998057
2024-07-08,,,0.1757274654135517,0.43157819967962985,0.4932648467394042,0.19281941657554205
2024-07-15,,,0.1911438756403822,0.43186375917232855,0.490627329840926,0.19030844844887546
2024-07-22,,,0.1115782050630569,0.43214931866502726,0.4879898129424478,0.18776830783016876
2024-07-29,0.4178918514826813,0.4521187182797078,0.1821389900807739,0.43243487815772597,0.4853522960439696,0.18788866855628797
2024-08-05,,,0.3528224909171332,0.433399721640928,0.5053545602699677,0.18820980374996732
2024-08-12,,,0.0916116077835287,0.4343645651241301,0.5253568244959658,0.18278278715387522
2024-08-19,,,0.2785515993372255,0.4353294086073321,0.5453590887219638,0.18053939988120846
2024-08-26,0.4056815350112136,0.5994956363474594,0.2173461959564296,0.43629425209053413,0.5653613529479619,0.17487349998562085
2024-09-02,,,0.2074722663841418,0.43868897183556504,0.5621102464268446,0.16772448534619155
2024-09-09,,,0.1756795292897629,0.44108369158059596,0.5588591399057273,0.15918750795222245
2024-09-16,,,0.1848740636586037,0.44347841132562693,0.5556080333846102,0.15007464152078162
2024-09-23,,,0.0947026542576085,0.44587313107065785,0.5523569268634929,0.13974660532273953
2024-09-30,0.3904809369548966,0.5700542563738072,0.0948414743035984,0.44826785081568876,0.5491058203423757,0.13099147017132495
2024-10-07,,,0.0670335079543344,0.4533617147157386,0.5315839660246817,0.12349866580998062
2024-10-14,,,0.1063794329480587,0.4584555786157885,0.5140621117069877,0.11797758248529036
2024-10-21,,,0.064338510814558,0.4635494425158384,0.49654025738929364,0.11286149785886432
2024-10-28,0.5384998754049339,0.5134137707951927,0.0796572038656432,0.4686433064158883,0.4790184030715996,0.10943979961069199
2024-11-04,,,0.036365245243011,0.4704742698203228,0.4380653189753467,0.10705808730760114
2024-11-11,,,0.1144741260779773,0.47230523322475737,0.3971122348790938,0.10714491612142278
2024-11-18,,,0.0686196055501725,0.4741361966291919,0.3561591507828409,0.1069758144109672
2024-11-25,0.6222277597807127,0.3046209956253217,0.0959206308575506,0.4759671600336264,0.315206066686588,0.10814608279650019
2024-12-02,,,0.0696422025710346,0.4709664998655003,0.2814638731454834,0.10974325481050182
2024-12-09,,,0.2519772792079701,0.46596583969737426,0.2477216796043787,0.11274072554490484
2024-12-16,,,0.2054747882007721,0.4609651795292482,0.213979486063274,0.1108761600722979
2024-12-23,,,0.1062259412469795,0.45596451936112214,0.18023729252216927,0.10570828133177491
2024-12-30,0.4380762521804137,0.0873690222565434,0.0,0.45096385919299603,0.14649509898106458,0.1005223262945868
2025-01-06,,,0.1414213562373095,0.44656516072893315,0.1530314889041704,0.09884653563018146
2025-01-13,,,0.0,0.4421664622648702,0.1595678788272762,0.09568406410609523
2025-01-20,,,0.0,0.43776776380080734,0.16610426875038198,0.09586280846159381
2025-01-27,0.3443807625218041,0.1341764193614008,0.0,0.4333690653367444,0.17264065867348777,0.09938901031574468
2025-02-03,,,0.1154700538379251,0.43312688331144866,0.20538012445325243,0.10638580199721487
2025-02-10,,,0.0,0.4328847012861529,0.2381195902330171,0.11306537840581922
2025-02-17,,,0.0,0.4326425192608571,0.27085905601278176,0.12369311317590273
2025-02-24,0.4178918514826813,0.3151318978695749,0.1360827634879543,0.43240033723556137,0.3035985217925464,0.1386401188486138
2025-03-03,,,0.101015254455221,0.43283582584366187,0.3284810811669169,0.153676425455818
2025-03-10,,,0.2150079616036664,0.4332713144517625,0.3533636405412873,0.17055162072675656
2025-03-17,,,0.1913074214638232,0.43370680305986303,0.37824619991565783,0.18587443385889435
2025-03-24,,,0.2998522903054743,0.4341422916679636,0.4031287592900282,0.20100753113156522
2025-03-31,0.5198106154996263,0.4293868233776109,0.2200249248360617,0.43457778027606414,0.4280113186643987,0.2126890434193069
2025-04-07,,,0.2995064057190696,0.43103216496912305,0.4519568400266808,0.2241143922203761
2025-04-14,,,0.4496529817735017,0.427486549662182,0.47590236138896286,0.23290710835634026
2025-04-21,,,0.1360827634879543,0.42394093435524094,0.49984788275124487,0.23413122087098556
2025-04-28,0.348866184899078,0.5571774606013755,0.1891713008358052,0.4203953190482999,0.5237934041135269,0.23877911210821662
2025-05-05,,,0.3194170365727314,0.4201907273651076,0.524996633409235,0.24515927097353507
2025-05-12,,,0.3323235894000296,0.4199861356819153,0.5261998627049429,0.2489464042611835
2025-05-19,,,0.3470463882334909,0.4197815439987229,0.5274030920006509,0.2498220686685793
2025-05-26,0.3800149514079243,0.5177646473285124,0.3132423654316059,0.4195769523155306,0.5286063212963589,0.24730273262896318
2025-06-02,,,0.3695220558550543,0.42122024515110423,0.5371952472930381,0.242480833981117
2025-06-09,,,0.1593364388072015,0.4228635379866779,0.5457841732897173,0.23322275098164885
2025-06-16,,,0.2201865366065233,0.42450683082225155,0.5543730992863964,0.22654472268436696
2025-06-23,,,0.3265986323710904,0.4261501236578252,0.5629620252830756,0.22008871748452674
2025-06-30,0.4557687515574384,0.6029439616531861,0.2176224409197592,0.42779341649339886,0.5715509512797547,0.20991346580120085
2025-07-07,,,0.0680413817439771,0.4281300214116232,0.5587539498046951,0.19946902247847206
2025-07-14,,,0.0583211843519804,0.4284666263298476,0.5459569483296354,0.1936139339698485
2025-07-21,,,0.3351675397716723,0.428803231248072,0.5331599468545757,0.19248316698371679
2025-07-28,0.4296037876900075,0.5275953066605144,0.1230660034742188,0.4291398361662964,0.520362945379516,0.18636996852812843
2025-08-04,,,0.2112491909562077,0.4294547705719467,0.5026390269899911,0.1824672971363182
2025-08-11,,,0.1295528461151948,0.42976970497759703,0.48491510860046605,0.17755958356142398
2025-08-18,,,0.147004259155552,0.43008463938324737,0.467191190210941,0.17432822931533654
2025-08-25,,0.4165037307487714,0.1563357635126463,0.43039957378889765,0.449467271821416,0.17205100764967488
2025-09-01,0.4435584350859706,,0.1447561427192064,0.430714508194548,0.45419917688448624,0.17032255054321893
2025-09-08,,,0.2712769325973268,0.43042952113216515,0.4589310819475565,0.16948685325631677
2025-09-15,,,0.191118101771449,0.43014453406978226,0.4636629870106267,0.165096722609422
2025-09-22,,,0.1795558224024574,0.42985954700739937,0.46839489207369694,0.15979794488448856
2025-09-29,0.3742835783702965,0.4439901583162136,0.1132432179142039,0.42957455994501653,0.4731267971367672,0.15380923686942102
2025-10-06,,,0.0727655712290643,0.4318721356078586,0.49770751686190523,0.14923706386434663
2025-10-13,,,0.202774701715105,0.43416971127070064,0.5222882365870433,0.14733521812761705
2025-10-20,,,0.0713490864251857,0.4364672869335427,0.5468689563121814,0.14349746713175146
2025-10-27,0.4430600548218291,0.559606750115875,0.0802764912095835,0.4387648625963848,0.5714496760373194,0.1421790835724092
2025-11-03,,,0.1450288274790704,0.44086181596924057,0.6040981774691631,0.14302229219168514
2025-11-10,,,0.154019114030172,0.4429587693420964,0.6367466789010067,0.14379543410102572
2025-11-17,,,0.202474769064592,0.4450557227149522,0.6693951803328504,0.14421157276174615
2025-11-24,,0.7499693443519858,0.1375526474934429,0.447152676087808,0.702043681764694,0.14259320422943406
2025-12-01,0.494144031896337,,0.1146946472386889,0.4492496294606638,0.702043681764694,0.14115084816445994
2025-12-08,,,0.073366439435134,0.4492496294606638,0.702043681764694,0.14063232282796176
2025-12-15,,,0.1105849929908998,0.4492496294606638,0.702043681764694,0.14246267177733438
2025-12-22,,,0.1354541444117737,0.4492496294606638,0.702043681764694,0.14540616540299747
2025-12-29,,,0.2429434908732114,0.4492496294606638,0.702043681764694,0.1486971761505605
