date,crisis_probability,regime
0,0.9991810146061086,1
1,0.9999999862809846,1
2,0.9999999822489612,1
3,0.9999999994120916,1
4,0.9999999827246768,1
5,0.9999999974714001,1
6,0.9999999995278318,1
7,0.9999996261447576,1
8,0.9999986078217435,1
9,0.9996354046478356,1
10,0.991945901715963,1
11,0.968382854558694,1
12,0.9635400838895835,1
13,0.9586952469256161,1
14,0.9913398293670002,1
15,0.9983759039442762,1
16,0.9999972070840683,1
17,0.9999948309959069,1
18,0.9999986201957275,1
19,0.9999987280326093,1
20,0.9999933912489436,1
21,0.9999999902773444,1
22,0.9999991072292613,1
23,0.9999982258165581,1
24,0.9997178999775485,1
25,0.999039185092775,1
26,0.9985110490593302,1
27,0.999924813608352,1
28,0.9999383905617126,1
29,0.9999927531544328,1
30,0.9999689534295333,1
31,0.9999999924972349,1
32,0.9999999996375988,1
33,0.9999999999999979,1
34,0.9999999999999981,1
35,0.9999999999999982,1
36,0.9999999999999982,1
37,0.9999999999999982,1
38,0.9999999999999982,1
39,0.9999999999999982,1
40,0.9999999999999969,1
41,0.999999999999963,1
42,0.9999999999999186,1
43,0.9999998935398033,1
44,0.9999921333664136,1
45,0.9940137499162324,1
46,0.98027127224236,1
47,0.4222591112694432,0
48,0.13076753978651903,0
49,0.00510615202418941,0
50,0.00021038471230645214,0
51,0.00017293874202029978,0
52,0.0031228209423684538,0
53,0.0050869984980092065,0
54,0.0030213479962444057,0
55,0.004742117370395333,0
56,0.022051461553983822,0
57,0.10980142469101734,0
58,0.5889806144849584,1
59,0.5894040050674099,1
60,0.11536547917064882,0
61,0.019557750485287368,0
62,0.004611018929119818,0
63,0.0033423639693623683,0
64,0.0066418937717638085,0
65,0.005159929274206654,0
66,0.0003192438009894524,0
67,7.086853712782045e-05,0
68,0.00028264247640212315,0
69,0.004915864968119323,0
70,0.11308339702084355,0
71,0.17378803798385692,0
72,0.23727601935384726,0
73,0.9542678315489185,1
74,0.9951656482381406,1
75,0.9996055652223447,1
76,0.9999196524125138,1
77,0.9998392811803335,1
78,0.9973974266519468,1
79,0.980076276050028,1
80,0.8285483664984974,1
81,0.061870384442652755,0
82,0.006042276253796019,0
83,0.0007826773823748952,0
84,0.0014451522051983383,0
85,0.0010566629934912531,0
86,6.730485476066705e-05,0
87,5.8486098362842355e-05,0
88,0.00012304394939463212,0
89,0.00030388191213645224,0
90,0.0035156419354901644,0
91,0.005204081840080407,0
92,0.00048708136724495634,0
93,0.00011672349198205344,0
94,8.499449424121663e-05,0
95,3.875824500349702e-05,0
96,6.233496090240431e-05,0
97,0.00014275710594234835,0
98,3.3281790438473256e-05,0
99,3.201167200084341e-05,0
100,3.20553902080235e-05,0
101,3.472789833330854e-05,0
102,0.00015447751271343194,0
103,0.0001969715690079913,0
104,8.082778001211836e-05,0
105,3.921096046701746e-05,0
106,4.0901137782347957e-05,0
107,3.2806900537288305e-05,0
108,0.00010974968203077917,0
109,0.00015500807138104866,0
110,3.5228783478533626e-05,0
111,3.0886080370865774e-05,0
112,3.0801128004650674e-05,0
113,3.0914222846542315e-05,0
114,3.4756614260841855e-05,0
115,0.00012322806398640333,0
116,3.878186325501673e-05,0
117,3.505585216192452e-05,0
118,3.48809274106047e-05,0
119,3.344142503460633e-05,0
120,3.163993516538384e-05,0
121,0.00010777884521056061,0
122,0.00014843442438255657,0
123,3.671662517804768e-05,0
124,3.0306958200351036e-05,0
125,2.9371014332988356e-05,0
126,3.499042764856741e-05,0
127,0.00013895721938935859,0
128,0.000202657481977771,0
129,5.05175210806391e-05,0
130,3.860419713178713e-05,0
131,5.1878959722370145e-05,0
132,0.00015981101847705118,0
133,0.001542389698941899,0
134,0.0009417248516904952,0
135,0.0001386182413589122,0
136,7.892718858135516e-05,0
137,5.792786616975819e-05,0
138,8.630245131101922e-05,0
139,0.0008050609785492475,0
140,0.0036723964821285754,0
141,0.025051079254267805,0
142,0.1731552770802802,0
143,0.8265798918021344,1
144,0.9661046445761653,1
145,0.9999177749106043,1
146,0.9999974391233506,1
147,0.9999956403989017,1
148,0.9999978354325133,1
149,0.9999826989078304,1
150,0.9999876795523479,1
151,0.9998974426273086,1
152,0.9999993202672504,1
153,0.9999021523007541,1
154,0.9999961040811916,1
155,0.9995210533040227,1
156,0.9916733594545271,1
157,0.8176435146760673,1
158,0.4164495017411259,0
159,0.06477582870561735,0
160,0.004703517762746378,0
161,0.0005029680835871428,0
162,7.462794573185347e-05,0
163,4.872483704893874e-05,0
164,5.576018523118304e-05,0
165,0.00012440753189784707,0
166,0.0007906192333413249,0
167,0.0011072330363793453,0
168,0.00031328202123350417,0
169,0.0001508996403464376,0
170,0.00010444380966244931,0
171,0.00013555173523751942,0
172,0.00022003857410539502,0
173,0.0001669603580497449,0
174,5.737772783418918e-05,0
175,4.711797526467837e-05,0
176,4.6476895239471666e-05,0
177,6.188023665735942e-05,0
178,0.0002613737622663651,0
179,0.00017579174596511608,0
180,8.299396865148125e-05,0
181,6.0203118293719864e-05,0
182,5.858361029140913e-05,0
183,0.00011156224591205615,0
184,0.0010448038819259149,0
185,0.0007831138339548409,0
186,7.655446727860235e-05,0
187,4.684578678756604e-05,0
188,5.439765915750305e-05,0
189,0.00029237637745274306,0
190,0.00028617033926688816,0
191,0.00035975146810793984,0
192,5.668303287498613e-05,0
193,5.778596549241614e-05,0
194,0.00011737703096260817,0
195,0.001287472626405355,0
196,0.001238908096091906,0
197,0.0001402163710594522,0
198,6.413285110945489e-05,0
199,3.835661523445515e-05,0
200,3.3992539301972474e-05,0
201,9.287137652526797e-05,0
202,0.00012011099288181634,0
203,3.6033001515193846e-05,0
204,3.0365939487764932e-05,0
205,2.9471841009333128e-05,0
206,3.0100876995797394e-05,0
207,5.280807534630617e-05,0
208,8.494837317082871e-05,0
209,3.739556329168827e-05,0
210,3.5633706395752455e-05,0
211,3.0238606810146108e-05,0
212,3.809242011657214e-05,0
213,0.00010212007035228002,0
214,0.00014272509366802802,0
215,4.7123774009587085e-05,0
216,5.4618864701672994e-05,0
217,3.4978890293822235e-05,0
218,3.375090488564349e-05,0
219,0.00010642931753510251,0
220,7.506559600955486e-05,0
221,3.589480948419725e-05,0
222,3.124145353736323e-05,0
223,3.281841489129586e-05,0
224,2.982343215236331e-05,0
225,3.3563690544716505e-05,0
226,9.547177124020025e-05,0
227,3.6428284336933885e-05,0
228,3.192027356451457e-05,0
229,3.047926375087861e-05,0
230,3.5270488817739784e-05,0
231,3.882539586346058e-05,0
232,0.00017536998904147286,0
233,0.00010985999176429774,0
234,3.426370090940251e-05,0
235,3.206691955228357e-05,0
236,3.7020020566615144e-05,0
237,5.00848712843883e-05,0
238,0.00020184113263363828,0
239,0.00026543264708686,0
240,6.3302092966108e-05,0
241,5.3473827317355154e-05,0
242,6.51315732412961e-05,0
243,7.945270335074769e-05,0
244,0.0004158804140578334,0
245,0.000448795659824188,0
246,8.194661823956877e-05,0
247,5.916208600648453e-05,0
248,5.153987730476382e-05,0
249,6.458014769470931e-05,0
250,0.0004850048514593257,0
251,0.00040080998456728785,0
252,6.308061142468235e-05,0
253,4.27503674151921e-05,0
254,3.705800096454814e-05,0
255,3.729614176503377e-05,0
256,7.764039560584261e-05,0
257,6.949638166730792e-05,0
258,3.1227674303946445e-05,0
259,3.0576581083931115e-05,0
260,3.117125602715458e-05,0
261,6.344906666907638e-05,0
262,6.588270119315527e-05,0
263,5.2970861616635e-05,0
264,3.1235027063253895e-05,0
265,3.316537041325977e-05,0
266,5.223791403672889e-05,0
267,0.0004031479408728483,0
268,0.00043039102033905273,0
269,4.90449683625721e-05,0
270,4.4910873194550366e-05,0
271,4.4712322267804634e-05,0
272,4.4180935246066105e-05,0
273,0.00020172508634402631,0
274,0.0001541609220260656,0
275,3.43282629454363e-05,0
276,2.961440115488422e-05,0
277,2.9549188358262023e-05,0
278,3.200504010741845e-05,0
279,9.751201005572707e-05,0
280,0.00014148563073111654,0
281,3.6614667855103596e-05,0
282,3.5143436828861026e-05,0
283,3.549698385819929e-05,0
284,4.73668147620539e-05,0
285,0.00019302698295516733,0
286,0.00015747000941062774,0
287,3.7755244382167735e-05,0
288,3.964982915055067e-05,0
289,4.450901693642921e-05,0
290,4.471571355433594e-05,0
291,0.00023444415623641933,0
292,0.00023106522348123997,0
293,5.1504633257070046e-05,0
294,3.3872163426531494e-05,0
295,3.324290155336465e-05,0
296,3.143807331050435e-05,0
297,6.451009778079845e-05,0
298,9.829339492323312e-05,0
299,3.2166778323899665e-05,0
300,2.9633996509568702e-05,0
301,2.960620468860877e-05,0
302,3.117929756204105e-05,0
303,8.552810115895423e-05,0
304,8.086331535966311e-05,0
305,3.12310170186611e-05,0
306,2.9439841023134406e-05,0
307,3.3398240869139814e-05,0
308,4.0372903758760434e-05,0
309,0.00013638287441539875,0
310,0.00022028482360892,0
311,4.90056517902669e-05,0
312,4.163472231120842e-05,0
313,4.165134724163564e-05,0
314,4.22576180692003e-05,0
315,0.0001477659194583782,0
316,0.00013055290601955566,0
317,4.286835091385424e-05,0
318,3.5073442664250315e-05,0
319,3.7420426829769314e-05,0
320,4.6323920758223616e-05,0
321,0.00026937657016554823,0
322,0.00026838205040183473,0
323,4.739747594812236e-05,0
324,3.756599834853882e-05,0
325,4.112710951899443e-05,0
326,4.73355763923737e-05,0
327,7.503164605160331e-05,0
328,0.0008029374784921441,0
329,0.0034365423451214873,0
330,0.07956411102469262,0
331,0.32040394424462376,0
332,0.9865549282670026,1
333,0.9997461542421365,1
334,0.9999999560455344,1
335,0.9999999799513832,1
336,0.9999999897697593,1
337,0.9999999956667299,1
338,0.9999999966310662,1
339,0.9999999960253784,1
340,0.9999998736034792,1
341,0.9999999999747661,1
342,0.9999999177639071,1
343,0.9999999999802653,1
344,0.999999972880072,1
345,0.9999999694878392,1
346,0.9999844819785131,1
347,0.9999999810573788,1
348,0.9998463828359507,1
349,0.8593236146136056,1
350,0.5270560093343962,1
351,0.09217704124683808,0
352,0.05433931173102201,0
353,0.06575457116198223,0
354,0.06695936557862445,0
355,0.008634493714532156,0
356,0.0009815028994793868,0
357,0.00021532575329686964,0
358,0.0004776608369641427,0
359,0.003313737611199351,0
360,0.0040739590676587695,0
361,0.0003010943908585244,0
362,4.396875780467354e-05,0
363,3.877147105067358e-05,0
364,8.036025574867359e-05,0
365,0.0010455340790783666,0
366,0.0011364799997119553,0
367,0.00012910264494291583,0
368,0.00011529997099705965,0
369,0.0011321867275069395,0
370,0.017498510189014334,0
371,0.24060532391780878,0
372,0.45003566410857976,0
373,0.6602292244484511,1
374,0.8714344085308532,1
375,0.9994526570572829,1
376,0.9999977458583027,1
377,0.9999999909146133,1
378,0.9999999972859939,1
379,0.9999999828683989,1
380,0.9999999964122605,1
381,0.9999999610026938,1
382,0.999999967071368,1
383,0.9999859605309857,1
384,0.9999998063191817,1
385,0.9999942666818415,1
386,0.9999874500361724,1
387,0.9990668887913616,1
388,0.9980140430355208,1
389,0.996746726792502,1
390,0.9846195692270092,1
391,0.8603737207530808,1
392,0.12531022234443967,0
393,0.02291223975704174,0
394,0.011714974375537871,0
395,0.016233346397866825,0
396,0.017304174739809386,0
397,0.0024526939219951514,0
398,0.0004361433481132745,0
399,0.0004850112149661546,0
400,0.002671414288383609,0
401,0.015655851138546728,0
402,0.016948385861802823,0
403,0.00483952175263141,0
404,0.00046590273891857306,0
405,0.0001176457880066408,0
406,0.00028170390291087314,0
407,0.003986706591265146,0
408,0.0057063389186681295,0
409,0.000738896854751098,0
410,0.00011470621185956793,0
411,9.097181624853699e-05,0
412,0.00022248175426580025,0
413,0.00148406348261678,0
414,0.0017185651635396645,0
415,0.00014578775589630207,0
416,5.2600956445245863e-05,0
417,0.00024728078822210077,0
418,0.005268774623708461,0
419,0.1144277991645422,0
420,0.3186883751644567,0
421,0.6444582886194801,1
422,0.8544437685604711,1
423,0.9998104796992001,1
424,0.9999996357849447,1
425,0.9999999999636703,1
426,0.9999999999907119,1
427,0.9999998378975025,1
428,0.9999999992494383,1
429,0.999999964672444,1
430,0.9999836893324964,1
431,0.9062144908114697,1
432,0.545830425696994,1
433,0.02583098827427081,0
434,0.000997718579820699,0
435,0.0002499516659290977,0
436,5.5360921414162395e-05,0
437,3.038276723695283e-05,0
438,3.7681300355277136e-05,0
439,3.6871468666327304e-05,0
440,5.157328606492061e-05,0
441,0.0004014725457962953,0
442,0.0005692302769241092,0
443,8.977469742477227e-05,0
444,4.3438502565537776e-05,0
445,4.1325760043265075e-05,0
446,3.4519167113090475e-05,0
447,0.00017001254948604308,0
448,0.00015625939547348158,0
449,3.486670286060781e-05,0
450,2.9292769439438254e-05,0
451,2.9182992038552816e-05,0
452,3.0913474980448114e-05,0
453,9.14059802728584e-05,0
454,0.00014916527210043866,0
455,3.6840136639419844e-05,0
456,3.268134307612636e-05,0
457,3.85862457905378e-05,0
458,0.0001394178324942762,0
459,0.0023920044150165447,0
460,0.0033619813633757696,0
461,0.0005117893937452763,0
462,0.00017087424225224653,0
463,0.00020388631847744656,0
464,0.0007371237156152134,0
465,0.005271084706847535,0
466,0.006136061155101211,0
467,0.000635744403184989,0
468,0.00016861618353928112,0
469,0.00022823099950513746,0
470,0.0016758867427476276,0
471,0.021517666357079784,0
472,0.02456318718911027,0
473,0.01092387139125436,0
474,0.009105482952345452,0
475,0.018718814865685347,0
476,0.0979434737629839,0
477,0.9015328658655442,1
478,0.9886938716430623,1
479,0.9969113731271776,1
480,0.9991720565526887,1
481,0.9999979777345503,1
482,0.9999995095206643,1
483,0.9999999999507257,1
484,0.9999999999669,1
485,0.9999999996910163,1
486,0.9999999999644046,1
487,0.9999999999995279,1
488,0.9999999999988048,1
489,0.9999999999998079,1
490,0.9999999999996042,1
491,0.9999999941093157,1
492,0.9999999959588809,1
493,0.9999871365898937,1
494,0.9996611410555919,1
495,0.989341681364598,1
496,0.9020333659140212,1
497,0.10680430331869133,0
498,0.011168053778229983,0
499,0.001205317851536584,0
500,0.00047280172930974716,0
501,0.0022453534791003274,0
502,0.00211934949544429,0
503,0.00012079471628192266,0
504,3.995220103146465e-05,0
505,3.6984005297918486e-05,0
506,5.226227917164901e-05,0
507,0.0005579281900655907,0
508,0.000569575401335836,0
509,0.0001033788703159542,0
510,6.937082813157779e-05,0
511,0.00011927772230257344,0
512,0.0010043842141843433,0
513,0.014303276630937469,0
514,0.01681263566216737,0
515,0.0016306161105818823,0
516,0.00019274858277337116,0
517,7.816495454489005e-05,0
518,6.0262130367381976e-05,0
519,0.00010735594826970292,0
520,0.0009730112020651598,0
521,0.00010916240906041442,0
522,4.683702085688899e-05,0
523,4.261197642946395e-05,0
524,4.660549558485044e-05,0
525,0.00015500463028463677,0
526,0.0025395937256055827,0
527,0.0028066809365451077,0
528,0.00023939764901546499,0
529,8.488327993932384e-05,0
530,0.00045584079147281144,0
531,0.007791435648025825,0
532,0.16292783589702411,0
533,0.31785938089353416,0
534,0.4867612826284856,0
535,0.7082869122920454,1
536,0.9728655669237052,1
537,0.9989064687990035,1
538,0.9999994980560849,1
539,0.9999998672759317,1
540,0.9999997673774867,1
541,0.9999999604007497,1
542,0.9999997638063186,1
543,0.9999999205080985,1
544,0.9999992813248246,1
545,0.9999999996372896,1
546,0.9999998448354657,1
547,0.9999952327780018,1
548,0.9582901052154602,1
549,0.6127601344518481,1
550,0.0657874478519705,0
551,0.006064043974657187,0
552,0.00266060846801817,0
553,0.0001760201346538833,0
554,4.6997372687651686e-05,0
555,3.910966755101081e-05,0
556,6.280189205593042e-05,0
557,0.0006152103776071667,0
558,0.01224437885970727,0
559,0.018016409913034055,0
560,0.00556704182285684,0
561,0.005236212797171149,0
562,0.019677207181147485,0
563,0.1318224551504842,0
564,0.958057929744583,1
565,0.9798866415375275,1
566,0.86065486033065,1
567,0.802303761206218,1
568,0.7930417964114505,1
569,0.8225839067446956,1
570,0.9967849068662206,1
571,0.999178858995383,1
572,0.8819856186007329,1
573,0.8051610177904127,1
574,0.7864258212716589,1
575,0.8071534355291249,1
576,0.9513700727292234,1
577,0.9459674884647798,1
578,0.22194679371071308,0
579,0.0563186670188492,0
580,0.046080395350486136,0
581,0.07516407926420546,0
582,0.395100975976969,0
583,0.7282570131247215,1
584,0.862120778970822,1
585,0.9269939566316625,1
586,0.9997972685428583,1
587,0.9999999996672537,1
588,0.9999999998455722,1
589,0.9999999999999972,1
590,0.999999999999814,1
591,0.9999999999994961,1
592,0.9999999988555025,1
593,0.9999999999999368,1
594,0.9999999999997963,1
595,0.9999999994420794,1
596,0.9999999997700627,1
597,0.9999989582290948,1
598,0.9999963971640027,1
599,0.999991377868635,1
600,0.9999999271433789,1
601,0.9999659236876387,1
602,0.9915503051703157,1
603,0.9820606625623107,1
604,0.9784230080982753,1
605,0.9870783422319271,1
606,0.9990653383656842,1
607,0.999862193914092,1
608,0.9961138883986976,1
609,0.993866255515429,1
610,0.9954229549359215,1
611,0.9978527749641507,1
612,0.9999573252486972,1
613,0.9998836402193525,1
614,0.9954966373696017,1
615,0.9884186138902982,1
616,0.9828886642310837,1
617,0.9826495804309987,1
618,0.9973388992352976,1
619,0.9997772728895016,1
620,0.9986729313611344,1
621,0.9984695197948322,1
622,0.9982371163191279,1
623,0.9985871969540879,1
624,0.9998958283627815,1
625,0.9990465180303146,1
626,0.7098659709118881,1
627,0.16980016501340178,0
628,0.03347956645307969,0
629,0.007164343887117684,0
630,0.0050486326618903316,0
631,0.004422250868043542,0
632,0.0005166062932456082,0
633,8.675515096835238e-05,0
634,6.789410675431452e-05,0
635,0.00010799316673484383,0
636,0.0008684076130155941,0
637,0.0014458227915620451,0
638,0.00033907503029204534,0
639,8.944011986331446e-05,0
640,7.865078667659995e-05,0
641,0.00010887047365594272,0
642,0.000669488076886068,0
643,0.0011677746445393426,0
644,0.00016465308424365812,0
645,5.802600891435762e-05,0
646,6.382958528936106e-05,0
647,8.000174837884367e-05,0
648,0.0002637439072130417,0
649,0.0033627510505670768,0
650,0.0060424920530351605,0
651,0.02259891703946073,0
652,0.2407490935158518,0
653,0.7616327387048231,1
654,0.9385422483910478,1
655,0.9999968537080923,1
656,0.9999999999438095,1
657,0.999999770302657,1
658,0.9999999949236232,1
659,0.9999999999995439,1
660,0.9999999999999984,1
661,0.9999999999974717,1
662,0.9999999999999997,1
663,0.9999999999999859,1
664,0.9999999999741236,1
665,0.999999999994011,1
666,0.9999999999999665,1
667,0.9999999999985753,1
668,0.9999999904961163,1
669,0.9999999965721497,1
670,0.9999522988482146,1
671,0.9984367213170964,1
672,0.999988786604565,1
673,0.999999983698404,1
674,0.9999169112859266,1
675,0.9994921829255151,1
676,0.9993979643541592,1
677,0.9998649780714769,1
678,0.9999999463544904,1
679,0.9999999997296116,1
680,0.9999960722252744,1
681,0.9997486756309512,1
682,0.9999162012811253,1
683,0.9999499843025704,1
684,0.9999964210986662,1
685,0.9999995676818155,1
686,0.9998779575610275,1
687,0.9992199682113643,1
688,0.9992068340304464,1
689,0.9995179828605602,1
690,0.9999884424724386,1
691,0.9999997024518479,1
692,0.9999877076384877,1
693,0.9997006466143282,1
694,0.9992336401771434,1
695,0.9993843816508998,1
696,0.9999990322064527,1
697,0.9999999746036684,1
698,0.9999805556673189,1
699,0.9995027965557196,1
700,0.999141895463557,1
701,0.9989620996741758,1
702,0.9999511568170708,1
703,0.9989341639624955,1
704,0.6872198138896712,1
705,0.4533072398559504,0
706,0.42464355200410825,0
707,0.47052068567344624,0
708,0.9544229571857656,1
709,0.9996069952046424,1
710,0.9999454439331688,1
711,0.9999985539670821,1
712,0.9999998439221651,1
713,0.9999999889003833,1
714,0.9999999962651723,1
715,0.9999999997140496,1
716,0.9999999980294393,1
717,0.9999999995216714,1
718,0.9999999922888041,1
719,0.9999794396523174,1
720,0.9997767855202738,1
721,0.9998953853885849,1
722,0.9999991897550355,1
723,0.9999995923713556,1
724,0.9979779770690325,1
725,0.9751976634128556,1
726,0.9656924457573492,1
727,0.972945787234012,1
728,0.9998623076076735,1
729,0.9999976436103234,1
730,0.9997178388202245,1
731,0.9985045705610416,1
732,0.9991789324649554,1
733,0.9995070831998231,1
734,0.9999953130973734,1
735,0.9999998698794464,1
736,0.9795552438767845,1
737,0.5108667672746092,1
738,0.26890974604175244,0
739,0.1954196224073205,0
740,0.19464556625024282,0
741,0.19394192467422383,0
742,0.03741112374844727,0
743,0.001689749340110444,0
744,0.0007190463472831073,0
745,0.007830116422594267,0
746,0.1148406271071339,0
747,0.36340845431221763,0
748,0.39566484525322876,0
749,0.45437941162340545,0
750,0.6624464404394335,1
751,0.8938747652474304,1
752,0.9884984853003764,1
753,0.9998952661473529,1
754,0.9999911357142464,1
755,0.999939292925888,1
756,0.9998956637993486,1
757,0.9997740137929408,1
758,0.9998087985425784,1
759,0.9999937711669541,1
760,0.9999996934317554,1
761,0.9999675296157183,1
762,0.999645092423778,1
763,0.9998011247584634,1
764,0.999847078025151,1
765,0.9999960392356867,1
766,0.9999985220251417,1
767,0.9999261386747531,1
768,0.9989349578946732,1
769,0.9983217239161287,1
770,0.9982897177610012,1
771,0.9997346070717718,1
772,0.9989788224172036,1
773,0.9614692516668134,1
774,0.9099249492198197,1
775,0.8899467352923038,1
776,0.9018118024689916,1
777,0.9914371815969755,1
778,0.9997947228498989,1
779,0.9999816321743372,1
780,0.999993380562721,1
781,0.9999998540186135,1
782,0.999999999150644,1
783,0.9999999999976815,1
784,0.9999999999999873,1
785,0.9999999990045897,1
786,0.9999999999163811,1
787,0.9999999983410887,1
788,0.9999997965535593,1
789,0.9999798085462216,1
790,0.9999639295813815,1
791,0.9999646639528015,1
792,0.9989198595860536,1
793,0.9934907790850434,1
794,0.9485470998875118,1
795,0.9404011106258928,1
796,0.9816854982596085,1
797,0.9970421677560276,1
798,0.9910666408647636,1
799,0.9747631273738593,1
800,0.9720875887555069,1
801,0.9826968703046154,1
802,0.9999785203834782,1
803,0.9999992960286116,1
804,0.9999670275458471,1
805,0.9999046695558037,1
806,0.9998806667654558,1
807,0.9996801112353372,1
808,0.9999986006259644,1
809,0.9999999877468568,1
810,0.9999879664847565,1
811,0.999926424302815,1
812,0.999908663384674,1
813,0.9998641698076934,1
814,0.9999994949995616,1
815,0.9999999991511913,1
816,0.999998267023236,1
817,0.9999140336556073,1
818,0.9997293439661369,1
819,0.9997311426798499,1
820,0.9999710315278417,1
821,0.9999998617163922,1
822,0.9998883265796122,1
823,0.9978926038024292,1
824,0.9974643693539211,1
825,0.9981534193846954,1
826,0.9999767220749866,1
827,0.9999982409403851,1
828,0.9994685515631431,1
829,0.9832295254964828,1
830,0.9764695254442769,1
831,0.9800756646642008,1
832,0.9993323959088639,1
833,0.9999986046202474,1
834,0.999994073205238,1
835,0.9999477283808551,1
836,0.9999207991343908,1
837,0.9999638439404669,1
838,0.9999871987654934,1
839,0.999999973143883,1
840,0.9999882799919804,1
841,0.9991347010354259,1
842,0.9940324010248851,1
843,0.9951538048606218,1
844,0.9987440093431973,1
845,0.9999761051364174,1
846,0.9999995052770378,1
847,0.9999875737390025,1
848,0.999998256406255,1
849,0.9999996449555271,1
850,0.9999999802919444,1
851,0.9999998925768988,1
852,0.9999999608462464,1
853,0.9999971587141526,1
854,0.9999998595017606,1
855,0.9999976574885054,1
856,0.9999967404594884,1
857,0.9999892934809993,1
858,0.9999839669645291,1
859,0.999999619602667,1
860,0.9999987785507388,1
861,0.9999486650334874,1
862,0.9830189525523723,1
863,0.9741213680976804,1
864,0.9644181547224657,1
865,0.960474083681885,1
866,0.9655081822038527,1
867,0.9779197818713653,1
868,0.9907277552075231,1
869,0.9980242317133314,1
870,0.9999362792932093,1
871,0.9999996444312087,1
872,0.9999999956869948,1
873,0.9999999932853263,1
874,0.9999999757665556,1
875,0.9999971658326112,1
876,0.999998877776258,1
877,0.9999993011475247,1
878,0.999943475946522,1
879,0.9578535257419041,1
880,0.5176060799459179,1
881,0.3549162868853377,0
882,0.30178209246396676,0
883,0.23657085560698293,0
884,0.09505595695059262,0
885,0.018651226359790274,0
886,0.0026144025392516143,0
887,0.0006727281262648652,0
888,0.00047864992855092803,0
889,0.0005443765728945557,0
890,0.00019525669200949698,0
891,0.0001094089859958603,0
892,8.264002366754444e-05,0
893,8.580139623654848e-05,0
894,0.0002229480466939219,0
895,0.0002883759016405078,0
896,0.00013297235309906455,0
897,8.795403945488712e-05,0
898,6.617092456401016e-05,0
899,6.520383977389774e-05,0
900,0.0001527797965108371,0
901,0.00030709295433403613,0
902,0.0001645542650877024,0
903,7.557753542148761e-05,0
904,7.173557279102291e-05,0
905,8.144717039405987e-05,0
906,0.00035472457505693697,0
907,0.0009655221827697596,0
908,0.00021848609349647927,0
909,0.00010757378097012842,0
910,0.00018682266353709073,0
911,0.0015683626960809863,0
912,0.011361445096659598,0
913,0.025289132342133848,0
914,0.026434368492313967,0
915,0.0454774961470034,0
916,0.15648930892776586,0
917,0.46085209693818263,0
918,0.9562872661478676,1
919,0.9971727578823928,1
920,0.9999356966868936,1
921,0.9999824030826757,1
922,0.9999985964312659,1
923,0.9999995332367251,1
924,0.9999999989172538,1
925,0.9999999998903575,1
926,0.9999999954523742,1
927,0.9999999439961471,1
928,0.9999999602202756,1
929,0.9999999107751102,1
930,0.9999999973223849,1
931,0.9999999971626511,1
932,0.9999988949320168,1
933,0.9999973339020519,1
934,0.999999395918353,1
935,0.9999999319410868,1
936,0.9999998428128566,1
937,0.9999999995350676,1
938,0.9999999788548773,1
939,0.9999997339009947,1
940,0.9999997666820615,1
941,0.9999982690518496,1
942,0.9999997345837596,1
943,0.9999995239184252,1
944,0.9999054075184854,1
945,0.9958193607905498,1
946,0.9923497932768593,1
947,0.9939176920579589,1
948,0.9994547502649005,1
949,0.9999870230426062,1
950,0.9998706494472674,1
951,0.9995697876308125,1
952,0.9997578532640546,1
953,0.9998450565751592,1
954,0.9999996606521979,1
955,0.99999997960601,1
956,0.9999988862638115,1
957,0.9999869302020173,1
958,0.9999417078830014,1
959,0.9999427458600613,1
960,0.9999797284648574,1
961,0.9993288809701952,1
962,0.691594496823349,1
963,0.2322208808847382,0
964,0.1106806609299496,0
965,0.09842525221948659,0
966,0.14621387503235705,0
967,0.202369620448423,0
968,0.14706748235480818,0
969,0.09046298233132466,0
970,0.08289715708802722,0
971,0.10316457552452832,0
972,0.21222357856106894,0
973,0.3151536462589247,0
974,0.17525736116320853,0
975,0.04529595736585614,0
976,0.020201134405903595,0
977,0.008419785508907669,0
978,0.0029279222684342777,0
979,0.0011884068700442683,0
980,0.0007793295921507818,0
981,0.00010245854723602878,0
982,5.2564330879935586e-05,0
983,3.2666566438299255e-05,0
984,2.9261626875302207e-05,0
985,2.9461869329142002e-05,0
986,4.1174612137166655e-05,0
987,4.504162219922067e-05,0
988,2.9811658972859152e-05,0
989,3.203926147388368e-05,0
990,2.981372886235467e-05,0
991,4.3692054313835745e-05,0
992,0.00016438988104555335,0
993,0.00031537751513451896,0
994,0.0016928453983419169,0
995,0.021600740061087524,0
996,0.23639965108750333,0
997,0.8534900110703457,1
998,0.9986393841511453,1
999,0.9999586851725459,1
1000,0.9999865993802695,1
1001,0.9999906004627304,1
1002,0.9999882033237154,1
1003,0.9999999438007586,1
1004,0.9999999694914513,1
1005,0.9999999226665404,1
1006,0.9999993424159163,1
1007,0.9999996100676402,1
1008,0.999998304279044,1
1009,0.9999999954641834,1
1010,0.9999999996681969,1
1011,0.9999999759742373,1
1012,0.9999997690601823,1
1013,0.999999301852688,1
1014,0.9999992572166619,1
1015,0.9999999054576519,1
1016,0.9999999832831195,1
1017,0.9999892332679056,1
1018,0.9998180351868501,1
1019,0.9997275439616434,1
1020,0.99969625223029,1
1021,0.9999917850362995,1
1022,0.9999975705421048,1
1023,0.9999222336809874,1
1024,0.9992369313234513,1
1025,0.9994370871488182,1
1026,0.999768325718153,1
1027,0.9999538838873473,1
1028,0.9999905218163939,1
1029,0.9994017490121544,1
1030,0.996811058018697,1
1031,0.995521087066048,1
1032,0.9963313942126076,1
1033,0.9996825570074157,1
1034,0.9999190152159992,1
1035,0.9946166958148185,1
1036,0.9808268456634393,1
1037,0.9656693251214975,1
1038,0.9657117613644122,1
1039,0.9939610488133865,1
1040,0.9998061471237942,1
1041,0.9986512378069727,1
1042,0.9961312388800267,1
1043,0.9967941335294256,1
1044,0.9975685663487158,1
1045,0.9999984404511164,1
1046,0.9999999810150837,1
1047,0.9999789512651083,1
1048,0.9996705987731865,1
1049,0.9996092687605186,1
1050,0.9997660523286271,1
1051,0.9996636435228856,1
1052,0.9967944856308996,1
1053,0.7695609705147348,1
