date,crise financeira,crise econômica,crise brasil,colapso econômico,recessão,recessão brasil,depressão econômica,crash financeiro,pânico financeiro,instabilidade econômica,turbulência econômica,caos econômico,desastre econômico,catástrofe financeira,crise sistêmica,queda bolsa,queda ibovespa,crash bolsa,derretimento bolsa,sangria bolsa,desabamento ibovespa,volatilidade bolsa,pânico bolsa,sell off brasil,bear market,mercado baixista,correção mercado,circuit breaker,circuit breaker b3,pregão suspenso,ibovespa despenca,bolsa desaba,bolsa cai,crise bancária,corrida bancária,banco quebra,inadimplência,calote,crédito escasso,credit crunch brasil,falta crédito,aperto crédito,spread bancário alto,juros altos,crédito caro,risco default brasil,default brasil,calote governo,dívida pública brasil,rombo fiscal,déficit fiscal,rebaixamento rating,rating brasil rebaixado,moody's brasil,fitch brasil,s&p brasil rebaixamento,risco soberano,embi brasil,risco país brasil,dólar dispara,dólar sobe,dólar alto,desvalorização real,real fraco,real desvaloriza,fuga capitais,fuga dólares,especulação cambial,crise cambial,ataque especulativo,câmbio brasil crise,impeachment brasil,crise política brasil,instabilidade política,escândalo corrupção,lava jato,petrobras escândalo,incerteza política,reforma previdência,reforma tributária,greve geral,protestos brasil,inflação brasil alta,inflação alta,hiperinflação brasil,desemprego brasil alto,desemprego alto,pib brasil cai,recessão técnica brasil,crescimento negativo,queda pib,selic alta,copom aumenta juros,juros brasil alto,vender ações agora,hora de vender,mercado vai cair,proteção investimentos,como proteger carteira,sair da bolsa,medo mercado,pessimismo bolsa,investidores pessimistas,fuga investidores
2008-01-01,2,0,5,0,11,0,0,0,0,0,0,0,0,0,0,16,0,0,0,0,0,0,0,0,0,0,0,0,0,0,0,0,0,0,0,0,16,7,0,0,0,0,0,0,0,0,0,0,0,0,0,0,0,0,0,0,0,0,0,0,0,0,0,0,0,0,0,0,0,0,0,0,0,0,0,5,0,0,0,1,0,0,0,0,0,0,0,0,0,0,0,0,0,0,0,0,0,0,0,0,0,0,0,0
2008-02-01,2,0,7,0,5,0,0,0,0,0,0,0,0,0,0,16,0,0,0,0,0,0,0,0,0,0,0,0,0,0,0,0,0,0,0,0,14,8,0,0,0,0,0,0,0,0,0,0,0,0,0,0,0,0,0,0,0,0,0,0,0,0,0,0,0,0,0,0,0,0,0,0,0,0,0,4,0,0,0,3,0,0,0,0,0,0,0,0,0,0,0,0,0,0,0,0,0,0,0,0,0,0,0,0
2008-03-01,2,2,18,0,5,0,0,0,0,0,0,0,0,0,0,31,0,0,0,0,0,0,0,0,0,0,0,0,0,0,0,0,0,0,0,0,23,7,0,0,0,0,0,0,0,0,0,0,0,0,0,0,0,0,0,0,0,0,0,0,0,0,0,0,0,0,0,0,85,0,0,0,0,0,0,4,0,0,0,4,0,0,0,0,0,0,0,0,0,0,0,0,0,0,0,0,0,0,0,0,0,0,0,0
2008-04-01,3,3,15,0,4,42,0,0,0,0,0,0,0,0,0,12,0,0,0,0,0,0,0,0,0,0,0,0,0,0,0,0,0,0,0,0,21,6,0,0,0,0,0,0,0,0,0,0,0,0,0,0,0,0,0,0,0,0,0,0,0,0,0,0,0,0,0,0,0,0,0,0,0,0,0,5,0,0,0,3,0,0,0,0,0,0,0,0,0,0,0,25,0,0,0,0,0,0,0,0,0,0,0,0
2008-05-01,1,2,18,0,3,0,0,0,0,0,0,0,0,0,0,12,0,0,0,0,0,0,0,0,0,0,0,0,0,0,0,0,0,0,0,4,19,5,0,0,0,0,0,0,0,0,0,0,0,0,0,0,0,0,85,0,0,0,0,0,0,0,0,0,0,0,0,0,0,0,0,0,0,0,0,5,0,0,1,3,1,0,0,0,0,0,0,0,0,0,0,0,0,0,0,0,0,0,0,0,0,0,0,0
2008-06-01,2,2,19,0,2,0,0,0,0,0,0,0,0,0,0,30,0,0,0,0,0,0,0,0,0,0,0,0,0,0,0,0,0,0,0,0,17,0,0,0,0,0,0,0,0,0,0,0,0,0,0,0,0,0,77,0,0,0,97,0,0,0,0,0,0,0,0,0,0,0,0,0,0,0,0,5,0,0,0,2,1,0,0,0,0,0,0,0,0,0,0,0,0,0,23,0,0,0,0,0,0,0,0,0
2008-07-01,1,2,10,0,0,0,0,0,0,0,0,0,0,0,0,14,0,0,0,0,0,0,0,0,0,0,0,6,0,0,0,0,0,0,0,0,18,6,0,0,0,0,0,0,0,0,0,0,0,0,0,0,0,0,0,0,0,0,0,0,0,0,0,0,0,0,0,0,0,0,0,0,0,0,0,4,0,0,0,1,0,0,0,0,0,0,0,0,0,0,0,0,0,0,0,0,0,0,0,41,0,0,0,0
2008-08-01,2,1,13,0,1,0,0,0,0,0,0,0,0,0,0,24,0,0,0,0,0,0,0,0,0,0,0,0,0,0,0,0,0,0,0,5,20,6,0,0,0,0,0,0,0,0,0,0,0,0,0,0,0,0,0,0,0,0,0,0,0,0,0,0,0,0,0,0,0,0,0,0,0,0,0,4,0,0,0,1,0,0,0,0,0,0,0,0,0,0,0,0,0,0,0,0,0,0,0,0,0,0,0,0
2008-09-01,14,5,26,0,4,0,0,0,0,0,0,0,0,0,0,71,0,0,0,0,0,0,0,0,0,0,0,6,0,0,0,0,7,0,0,15,21,6,0,0,0,0,0,0,0,0,0,0,0,0,0,0,0,0,0,0,0,0,0,0,0,0,0,0,0,0,0,0,0,0,0,0,0,0,0,4,0,0,0,2,1,0,0,0,0,0,0,0,0,0,0,0,0,0,0,0,0,0,0,0,0,0,0,0
2008-10-01,100,29,77,0,19,63,0,0,0,0,0,0,0,0,0,100,6,9,0,0,0,0,0,0,0,0,0,16,0,0,0,0,11,8,0,10,22,6,0,0,0,0,0,0,0,0,0,0,0,0,0,0,0,0,0,0,0,0,0,0,0,0,0,0,0,0,0,0,82,0,0,0,0,0,0,5,0,0,0,2,0,0,0,0,0,0,0,0,0,0,0,0,0,0,0,0,0,0,0,0,0,0,0,0
2008-11-01,83,28,74,0,15,63,0,0,0,0,0,0,0,0,0,49,0,10,0,0,0,0,0,0,0,0,0,0,0,0,0,0,7,0,0,5,22,13,0,0,0,0,0,51,0,0,0,0,0,0,0,0,0,0,0,0,0,0,0,0,0,0,50,0,0,0,0,0,86,0,0,2,0,0,0,5,0,0,1,3,0,0,0,0,0,0,0,0,0,0,0,0,0,0,0,0,0,39,0,0,36,0,0,0
2008-12-01,39,11,34,0,7,0,0,0,0,0,0,0,0,0,0,15,0,0,0,0,0,0,0,0,0,0,0,0,0,0,0,0,0,0,0,4,12,14,0,0,0,0,0,0,0,0,0,0,0,0,0,0,0,0,50,0,0,0,0,0,0,0,0,0,0,0,0,0,0,0,0,0,0,0,0,5,0,0,0,1,0,0,0,0,0,0,0,0,0,0,0,0,0,0,0,0,0,0,0,0,0,0,0,0
2009-01-01,23,6,26,0,4,0,0,0,0,0,0,0,0,0,0,8,0,0,0,0,0,0,0,0,0,0,0,0,0,0,0,0,0,0,0,5,18,12,0,0,0,0,0,0,0,0,13,0,0,0,0,0,0,0,0,0,0,0,0,0,0,0,0,0,0,0,0,0,0,0,0,0,0,0,0,6,0,0,0,0,0,0,0,0,0,0,0,0,0,0,0,0,0,0,0,0,0,0,0,0,0,0,0,0
2009-02-01,35,12,42,0,5,0,0,0,0,0,0,0,0,0,0,12,0,0,0,0,0,0,0,0,0,0,0,0,0,0,0,0,0,0,0,0,16,11,0,0,0,0,61,0,0,0,16,0,0,0,83,0,0,0,0,0,0,0,0,0,0,0,0,0,0,0,0,0,0,0,0,0,0,0,0,5,0,0,0,1,0,0,0,0,0,0,0,0,0,0,0,0,0,0,0,0,0,0,0,0,0,0,0,0
2009-03-01,45,17,65,0,6,0,0,0,0,0,0,0,0,0,0,16,0,6,0,0,0,0,0,0,0,0,0,0,0,0,0,0,0,0,0,4,18,8,0,0,0,0,0,60,0,0,19,0,0,0,0,0,0,0,0,0,0,0,0,0,0,0,0,0,0,0,0,0,0,0,0,0,0,0,0,6,0,0,0,1,0,0,0,0,0,0,0,0,0,0,22,0,0,0,0,0,0,0,0,0,0,0,0,0
2009-04-01,36,13,51,0,4,0,0,0,0,0,0,0,0,0,0,13,0,0,0,0,0,0,0,0,0,0,0,0,0,0,0,0,0,0,0,5,16,14,0,0,0,0,0,0,0,0,13,0,0,0,0,0,0,0,0,0,0,0,0,0,0,0,0,0,0,0,0,0,0,0,0,2,2,0,2,6,0,0,0,1,1,0,0,0,0,0,0,0,0,0,0,0,0,0,0,0,0,0,0,0,0,0,0,0
2009-05-01,29,12,46,0,4,0,0,0,0,0,0,0,0,0,0,18,0,0,0,0,0,0,0,0,0,0,0,0,0,0,0,0,0,0,0,0,13,9,0,0,0,0,0,47,0,0,16,0,0,0,0,0,0,0,41,0,0,0,0,0,0,33,0,0,0,0,0,0,0,0,0,0,0,0,0,6,0,0,0,1,1,0,0,0,0,0,0,0,0,0,0,0,0,0,0,0,0,0,0,0,0,0,0,0
2009-06-01,20,8,34,0,6,0,0,0,0,0,0,0,0,0,0,24,0,0,0,0,0,0,0,0,0,0,0,0,0,0,0,0,0,0,0,4,15,13,0,0,0,0,0,0,0,0,16,0,0,0,0,0,0,0,40,0,0,0,0,0,0,0,0,0,0,0,0,0,0,0,0,0,0,0,0,5,0,0,0,1,1,0,0,0,0,0,0,0,0,0,18,0,0,0,0,0,0,0,0,0,0,0,0,0
2009-07-01,8,5,15,0,2,0,0,0,0,0,0,0,0,0,0,9,0,0,0,0,0,0,0,0,0,0,0,3,0,0,0,0,0,0,0,4,14,11,0,0,0,0,0,0,0,0,16,0,0,0,0,0,0,0,48,0,0,0,0,0,0,0,0,0,0,0,0,0,0,0,0,0,0,0,0,4,0,0,0,1,0,0,0,0,0,0,0,0,0,0,0,0,0,0,0,0,0,0,0,0,0,0,0,0
2009-08-01,9,4,19,0,2,0,0,0,0,0,0,0,0,0,0,15,0,0,0,0,0,0,0,0,0,0,0,0,0,0,0,0,0,0,0,4,15,9,0,0,0,0,0,0,0,0,19,0,0,0,0,0,0,0,0,0,0,0,0,0,0,0,0,0,0,0,0,0,0,0,0,0,0,0,0,5,0,0,0,0,0,0,0,0,0,0,0,0,0,0,0,0,0,0,0,38,0,0,0,0,0,0,0,0
2009-09-01,15,6,31,0,4,0,0,0,0,0,0,0,0,0,0,16,0,0,0,0,0,0,0,0,0,0,0,0,0,0,0,0,0,0,0,3,16,9,0,0,0,0,0,62,0,0,26,0,0,0,0,0,0,0,56,0,0,0,0,0,0,0,0,0,0,0,0,0,0,0,0,1,0,0,0,5,0,0,0,1,1,0,0,0,0,0,0,0,0,0,0,0,0,0,0,0,0,0,0,0,0,0,0,0
2009-10-01,9,3,23,0,2,0,0,0,0,0,0,0,0,0,0,18,0,0,0,0,0,0,0,0,0,0,0,0,0,0,0,0,0,0,0,3,13,10,0,0,0,0,0,0,0,0,24,0,0,0,0,0,0,0,34,0,0,0,0,0,0,0,0,0,0,0,0,0,0,0,0,0,0,0,0,4,0,0,0,1,0,0,0,0,0,0,0,0,0,0,0,0,0,0,0,31,0,0,0,0,0,0,0,0
2009-11-01,10,4,25,0,3,32,0,0,0,0,0,0,0,0,0,8,0,0,0,0,0,0,0,0,0,0,0,0,0,0,0,0,0,0,0,0,17,20,0,0,0,0,0,0,0,0,34,0,0,0,0,0,0,0,42,0,0,0,0,0,0,0,0,0,0,0,0,0,0,0,0,2,0,0,0,5,0,0,0,1,0,0,0,0,0,0,0,0,0,0,0,0,0,0,0,0,0,0,0,0,0,0,0,0
2009-12-01,5,2,12,0,2,0,0,0,0,0,0,0,0,0,0,0,0,0,0,0,0,0,0,0,0,0,0,0,0,0,0,0,0,0,0,0,9,15,0,0,0,0,0,0,0,0,34,0,0,0,0,0,0,0,69,0,0,0,0,0,0,0,0,0,0,0,0,0,0,0,0,0,0,0,0,5,0,0,0,1,0,0,0,0,0,0,0,0,0,0,0,0,0,0,0,0,0,0,0,0,0,0,0,0
2010-01-01,3,1,5,0,0,0,0,0,0,0,0,0,0,0,0,0,0,0,0,0,0,0,0,0,0,0,0,0,0,0,0,0,0,0,0,4,14,10,0,0,0,0,0,0,0,0,30,0,0,0,0,0,0,0,44,0,0,0,0,0,0,0,0,0,0,0,0,0,0,0,0,0,0,0,0,6,0,0,0,0,0,0,0,0,0,0,0,0,0,0,0,0,0,0,0,0,0,0,0,0,0,0,0,0
2010-02-01,3,0,7,0,1,0,0,0,0,0,0,0,0,0,0,9,0,0,0,0,0,0,0,0,0,0,0,3,0,0,0,0,0,0,0,0,9,5,0,0,0,0,0,0,0,0,24,0,0,0,0,0,0,0,65,0,0,0,0,0,0,0,0,0,0,0,0,0,0,0,0,0,0,0,0,5,0,0,0,0,0,0,0,0,0,0,0,0,0,0,0,0,0,0,0,0,0,0,0,0,0,0,0,0
2010-03-01,5,2,13,0,1,0,0,0,0,0,0,0,0,0,0,9,0,0,0,0,0,0,0,0,0,0,0,0,0,0,0,0,0,0,0,5,12,7,0,0,0,0,0,0,0,0,23,0,0,0,0,0,0,0,87,0,0,0,0,0,0,0,0,0,0,0,0,0,0,0,0,0,0,0,0,4,0,0,0,0,0,0,0,0,0,0,0,0,0,0,16,0,0,0,0,0,0,0,0,0,26,0,0,0
2010-04-01,4,2,14,0,2,0,0,0,0,0,0,0,0,0,0,9,0,0,0,0,0,0,0,0,0,0,0,3,0,0,0,0,0,0,0,0,10,7,0,0,0,0,0,0,0,0,16,0,0,0,0,0,0,0,100,0,0,0,57,0,0,0,0,0,0,0,0,0,0,0,0,1,0,0,0,5,0,0,0,0,1,0,0,0,0,0,0,0,0,0,0,0,0,0,0,30,0,0,0,0,0,0,0,0
2010-05-01,7,4,21,0,2,0,0,0,0,0,0,0,0,0,0,23,0,0,0,0,0,0,0,0,0,0,0,0,0,0,0,0,0,0,0,3,11,10,0,0,0,0,0,58,0,0,18,0,0,0,0,0,0,0,60,0,0,0,0,0,0,0,0,0,0,0,0,0,0,0,0,0,0,0,0,5,0,0,0,1,1,0,0,0,0,0,0,0,0,0,0,0,0,0,0,34,0,0,0,0,0,0,0,0
2010-06-01,4,3,17,0,2,0,0,0,0,0,0,0,0,0,0,11,0,0,0,0,0,0,0,0,0,0,0,0,0,0,0,0,0,0,0,4,14,8,0,0,0,0,0,0,0,0,23,0,0,0,0,0,0,0,69,0,0,0,0,0,0,0,0,0,0,0,0,51,0,0,0,0,0,0,0,5,0,0,0,1,1,0,0,0,0,0,0,0,0,0,0,0,0,0,0,0,0,0,0,0,0,0,0,0
2010-07-01,4,1,7,0,1,0,0,0,0,0,0,0,0,0,0,0,0,0,0,0,0,0,0,0,0,0,0,0,3,0,0,0,0,0,0,5,14,10,0,0,0,0,0,0,0,0,9,0,0,0,0,0,0,0,65,0,0,0,0,0,0,0,0,0,0,0,0,0,0,0,0,0,0,0,0,6,0,0,0,0,0,0,0,0,0,0,0,0,0,0,0,0,0,0,0,0,0,0,0,0,0,0,0,0
2010-08-01,4,2,12,0,2,0,0,0,0,0,0,0,0,0,0,8,0,0,0,0,0,0,0,0,0,0,0,0,0,0,0,0,0,0,0,3,14,11,0,0,0,0,0,0,0,0,9,0,0,0,0,0,0,0,58,0,0,0,0,0,0,0,0,0,0,0,0,0,0,0,0,0,0,0,0,6,0,0,0,1,0,0,0,0,0,0,0,0,0,0,0,0,0,0,0,0,0,0,0,0,0,0,0,0
2010-09-01,3,2,13,0,2,0,0,0,0,0,0,0,0,0,0,12,0,0,0,0,0,0,0,0,0,0,0,0,0,0,0,0,5,0,0,4,16,8,0,0,0,0,0,0,0,0,15,0,0,0,0,0,0,0,44,0,0,0,0,0,0,0,0,0,0,0,0,0,0,0,0,0,0,0,0,5,0,0,0,1,1,0,0,0,0,0,0,0,0,0,0,0,0,0,0,33,0,0,0,0,0,0,0,0
2010-10-01,4,2,11,0,2,0,0,0,0,30,0,0,0,0,100,5,0,0,0,0,0,0,0,0,0,0,0,3,0,0,0,0,0,0,0,5,14,14,0,0,0,0,0,0,0,0,10,0,0,0,0,0,0,0,57,0,0,0,0,0,0,0,0,0,0,0,0,0,0,0,0,0,0,0,0,5,0,0,1,1,0,0,0,0,0,0,0,0,0,0,0,0,0,0,0,0,0,0,0,0,0,0,0,0
2010-11-01,6,3,15,0,2,0,0,0,0,0,0,0,0,0,0,9,0,0,0,0,0,0,0,0,0,0,0,0,0,0,0,4,0,0,0,9,16,9,0,0,48,0,0,0,0,0,0,0,0,0,0,0,0,0,56,0,0,0,55,0,0,0,28,0,0,0,0,0,100,0,0,0,0,0,0,6,0,0,0,1,0,0,0,0,0,0,0,0,0,0,0,0,0,0,0,0,0,0,0,0,0,0,0,0
2010-12-01,2,1,8,0,1,0,0,0,0,0,0,0,0,0,0,0,0,0,0,0,0,0,0,0,0,0,0,0,0,0,0,0,0,0,0,0,11,9,0,0,0,0,0,48,0,0,0,0,0,0,0,0,0,0,67,0,0,0,0,0,0,0,0,0,0,0,0,0,0,0,0,0,0,0,0,6,0,0,0,0,0,0,0,0,0,0,0,0,0,0,0,0,0,0,0,0,0,0,0,0,0,0,0,0
2011-01-01,2,1,3,0,1,0,0,0,0,0,0,0,0,0,0,3,0,0,0,0,0,0,0,0,0,0,0,2,0,0,0,0,2,0,0,3,8,10,0,0,0,0,0,21,0,0,8,0,0,0,0,0,0,0,61,0,0,0,0,0,0,0,0,0,0,0,0,0,0,0,0,0,0,0,0,6,0,0,0,0,0,0,0,0,0,0,0,0,0,0,0,0,0,0,0,17,0,15,0,14,17,0,0,0
2011-02-01,2,2,7,0,1,0,0,0,0,0,0,0,0,0,0,6,0,0,0,0,0,0,0,0,0,0,0,1,0,0,0,0,0,0,0,3,11,9,0,0,0,0,0,0,0,0,10,0,0,0,26,0,0,0,50,0,0,0,0,0,0,0,0,0,0,0,0,0,0,0,0,0,0,0,0,6,0,0,0,0,0,0,0,0,0,0,0,0,0,0,0,0,0,0,0,30,0,0,0,0,26,0,0,0
2011-03-01,3,2,10,0,2,0,0,0,0,0,0,0,0,0,0,9,0,0,0,0,0,0,0,0,0,0,0,2,0,0,0,0,4,0,0,4,11,9,0,0,0,0,0,31,0,0,8,0,0,0,0,0,0,0,65,0,0,0,0,0,0,0,0,0,0,0,0,0,0,0,0,0,0,0,0,6,0,0,0,0,0,0,0,0,0,0,0,0,0,0,0,7,0,0,0,37,0,0,0,0,33,0,0,0
2011-04-01,3,2,11,0,2,0,0,0,0,0,0,0,0,0,0,10,0,3,0,0,0,0,0,0,0,0,0,1,0,0,0,0,0,0,0,4,11,9,0,0,18,0,0,50,0,0,9,0,0,0,17,0,0,0,62,0,0,0,0,0,0,0,22,0,0,0,0,0,0,0,0,1,0,0,0,6,0,0,0,1,0,0,0,0,0,0,0,0,0,0,0,9,0,0,0,26,0,0,0,0,31,0,0,0
2011-05-01,4,2,12,0,2,16,0,0,0,0,0,0,0,0,0,14,0,2,0,0,0,0,0,0,0,0,0,2,0,0,0,0,2,0,0,4,15,8,0,0,23,0,0,33,0,0,8,0,4,0,0,0,0,0,73,0,0,0,0,0,0,0,22,0,0,0,0,0,0,0,0,0,0,0,0,6,0,0,0,1,1,0,0,0,0,0,0,0,0,0,0,0,0,0,0,30,0,0,0,0,17,0,0,0
2011-06-01,3,2,12,0,2,0,0,0,0,0,0,0,0,0,0,12,0,0,0,0,0,0,0,0,0,0,0,0,0,0,0,0,3,0,0,3,15,12,0,0,0,0,0,0,0,0,11,0,0,0,0,0,0,0,87,0,0,0,22,0,0,0,23,0,0,0,0,0,32,0,0,1,1,0,0,5,0,0,0,1,1,0,0,0,0,0,0,0,0,11,0,0,0,0,0,33,0,0,0,14,16,0,0,0
2011-07-01,3,1,7,0,1,0,0,0,0,0,0,0,0,0,0,5,0,2,0,0,0,0,0,0,0,0,0,0,0,0,0,0,0,0,0,5,11,25,0,0,0,0,0,24,0,0,7,0,4,0,0,0,0,0,75,0,0,0,0,0,0,0,0,0,0,0,0,0,0,0,0,0,0,0,0,6,0,0,0,0,0,0,0,0,0,0,0,0,0,0,0,0,0,0,0,19,0,0,0,0,19,0,0,0
2011-08-01,6,4,17,0,4,17,0,0,0,0,0,0,0,0,0,24,0,2,0,0,0,0,0,0,10,0,1,6,0,0,0,0,5,0,0,7,14,21,0,0,15,0,0,23,0,3,6,0,0,0,0,0,0,0,90,0,0,0,0,0,0,0,0,0,0,0,0,0,18,0,0,0,1,0,0,6,0,0,0,0,0,0,0,0,0,0,0,0,0,0,0,0,0,0,0,22,0,0,0,12,25,0,0,0
2011-09-01,6,3,15,0,3,18,0,0,0,0,0,0,0,0,0,11,0,2,0,0,0,0,0,0,0,0,1,2,0,0,0,0,4,0,0,7,14,11,0,0,0,0,0,20,0,0,7,0,5,3,12,0,0,0,76,0,0,0,0,0,0,0,15,0,0,0,0,0,0,0,0,1,1,0,0,6,0,0,0,0,0,0,0,0,0,0,0,0,0,0,0,0,0,0,0,23,0,0,0,0,27,0,0,0
2011-10-01,6,4,16,0,2,0,0,0,0,0,0,0,0,0,0,7,0,3,0,0,0,0,0,0,0,0,1,2,0,0,0,0,2,0,0,5,18,10,0,0,20,0,0,19,0,0,5,0,0,0,0,0,0,0,74,0,0,0,0,0,0,0,13,0,0,0,0,0,0,0,0,1,0,0,0,5,0,0,0,0,0,0,0,0,0,0,10,0,0,0,0,0,0,0,0,25,0,0,0,11,17,0,0,0
2011-11-01,5,3,16,0,3,0,0,0,0,0,0,0,0,0,0,6,0,2,0,0,0,0,0,0,0,0,1,2,0,0,0,0,2,0,0,5,19,9,0,0,15,0,0,26,0,0,6,0,3,0,0,0,0,0,62,0,0,0,0,0,0,0,17,0,0,0,0,0,27,0,0,1,1,0,0,5,0,0,0,0,0,0,0,0,0,0,0,0,0,0,0,0,0,0,0,21,0,0,0,0,41,0,0,0
2011-12-01,3,1,8,0,2,0,0,0,0,0,0,0,0,0,0,3,0,0,0,0,0,0,0,0,0,0,0,1,0,0,0,0,3,0,0,4,15,10,0,0,0,0,0,0,0,0,6,0,0,0,0,0,0,0,62,0,0,0,0,0,0,0,0,0,0,0,0,0,17,0,0,1,0,0,0,5,0,0,0,0,0,0,0,0,0,0,0,0,0,0,0,0,0,0,0,21,0,0,0,0,28,0,0,0
2012-01-01,1,1,4,0,1,0,0,0,0,0,0,0,0,0,0,2,0,0,0,0,0,0,0,0,0,0,0,1,0,0,0,0,2,0,0,3,16,8,0,0,0,0,0,16,0,0,5,0,0,0,0,0,0,0,48,0,0,0,0,0,0,0,0,11,0,0,0,0,0,0,0,1,0,0,1,6,0,0,0,0,0,0,0,0,0,0,0,0,0,0,0,0,0,0,0,27,0,0,0,0,33,0,0,0
2012-02-01,3,1,7,0,2,0,0,0,0,0,0,0,0,0,0,5,0,0,0,0,0,0,0,0,0,0,0,3,0,0,0,0,4,0,0,6,17,10,0,0,17,0,0,0,0,0,6,0,0,0,0,0,0,0,45,0,0,0,0,0,0,0,0,0,0,0,0,0,0,0,0,0,0,0,0,5,0,0,0,0,1,0,0,0,0,0,0,0,0,0,0,0,0,0,0,30,0,0,0,12,35,0,0,0
2012-03-01,4,2,10,0,2,0,0,0,0,0,0,0,0,0,0,7,0,2,0,0,0,0,0,0,0,0,1,1,0,0,0,0,2,0,0,4,21,11,0,0,15,0,0,35,0,0,8,0,0,0,0,0,0,0,58,0,0,0,0,0,13,9,10,10,0,0,0,0,0,0,0,1,1,0,0,5,0,0,0,0,1,0,0,0,0,0,0,0,0,9,0,0,0,0,0,26,0,0,0,9,29,0,0,0
2012-04-01,5,3,12,0,2,0,0,0,0,0,0,0,0,0,0,8,0,3,0,0,0,0,0,0,0,0,0,2,0,0,0,0,2,0,0,4,20,11,0,0,0,0,0,41,0,0,5,0,0,0,0,0,0,0,59,0,0,0,0,0,0,0,0,0,0,0,0,0,17,0,0,0,0,0,0,5,0,0,0,0,1,0,0,0,0,0,0,0,0,0,8,0,0,6,0,21,0,0,0,0,13,0,0,0
2012-05-01,4,3,15,0,3,14,10,0,0,0,0,0,0,0,0,14,0,3,0,0,0,0,0,0,0,0,1,1,0,0,0,0,3,0,0,5,24,14,0,0,14,0,0,41,0,0,4,0,3,0,0,0,0,0,56,0,0,0,0,0,0,10,20,13,0,0,0,0,16,0,0,1,1,0,0,5,0,0,0,0,1,0,0,0,0,0,0,0,0,9,5,0,0,0,0,29,0,0,0,15,23,0,0,0
2012-06-01,4,3,15,0,2,13,0,0,0,0,0,0,0,0,0,10,0,2,0,0,0,0,0,0,0,0,1,2,0,0,0,0,2,0,0,5,23,10,0,0,0,0,13,36,0,0,7,0,5,0,0,0,0,0,42,0,0,0,0,0,0,0,14,0,0,0,0,0,35,0,0,1,1,0,0,5,0,0,0,0,0,0,0,0,0,0,0,0,0,0,7,0,0,0,0,19,0,0,0,0,11,0,0,0
2012-07-01,2,1,7,0,1,0,0,0,0,0,0,0,0,0,0,5,0,2,0,0,0,0,0,0,0,0,0,1,0,0,0,0,2,0,0,3,23,10,0,0,14,0,0,26,0,0,9,0,0,0,0,0,0,0,48,0,0,0,0,0,0,0,0,9,0,0,0,0,0,0,0,0,0,0,0,5,0,0,0,0,0,0,0,0,0,0,0,0,0,9,0,0,0,0,0,26,0,9,0,0,20,0,0,0
2012-08-01,3,2,14,0,2,0,0,0,0,10,0,0,0,0,0,8,0,2,0,0,0,0,0,0,0,0,0,1,0,0,0,0,3,0,0,3,19,10,0,0,0,0,0,30,0,0,7,0,0,0,0,0,0,0,51,0,0,0,0,0,0,0,14,0,0,0,0,0,14,0,0,1,0,0,0,6,0,0,0,0,0,0,0,0,0,0,0,0,0,12,0,0,0,0,0,30,0,0,0,0,20,0,0,0
2012-09-01,4,2,14,0,2,0,0,0,0,0,0,0,0,0,0,6,0,0,0,0,0,0,0,0,10,0,0,2,0,0,0,0,3,0,0,4,22,10,0,0,19,0,0,25,0,0,4,0,0,0,12,0,0,0,40,0,0,0,0,0,0,0,9,0,0,0,0,0,0,0,0,1,0,0,0,6,0,0,0,0,0,0,0,0,0,0,9,0,0,9,5,0,0,0,0,39,0,0,0,0,18,0,0,0
2012-10-01,4,3,13,0,2,11,0,0,0,0,0,0,0,0,0,5,0,3,0,0,0,0,0,0,0,0,0,1,0,0,0,0,4,0,0,3,20,7,0,0,0,0,0,25,0,0,3,0,0,0,0,0,0,0,27,0,0,0,0,0,0,0,0,0,0,0,0,0,0,0,0,1,0,0,0,5,0,0,0,0,0,0,0,0,0,0,0,0,0,0,4,0,0,0,0,20,0,0,0,9,22,0,0,0
2012-11-01,7,4,16,0,2,0,0,0,0,0,0,0,0,0,0,5,0,3,0,0,0,0,0,0,0,0,2,1,0,0,0,0,3,0,0,3,20,10,0,0,19,0,0,15,0,0,7,0,0,0,0,0,0,0,21,0,0,0,0,0,0,0,11,0,0,0,0,0,17,0,0,1,1,0,0,5,0,0,0,0,0,0,0,0,0,0,0,0,0,0,0,5,0,0,0,14,0,0,0,0,16,0,0,0
2012-12-01,2,1,7,0,2,0,10,0,0,0,0,0,0,0,0,3,0,0,0,0,0,0,0,0,0,0,0,1,0,0,0,0,3,0,0,3,14,19,0,0,13,0,0,14,0,0,5,0,0,0,12,0,0,0,37,0,0,0,0,0,10,0,0,0,0,0,0,0,0,0,0,1,0,0,0,5,0,0,0,0,0,0,0,0,0,0,0,0,0,0,6,0,0,0,0,31,0,0,0,0,21,0,0,0
2013-01-01,2,1,5,0,1,0,0,0,0,0,0,0,0,0,0,3,0,0,0,0,0,0,0,0,0,0,0,1,0,0,0,0,4,0,0,3,16,11,0,0,0,0,0,17,0,0,0,0,0,0,0,0,0,0,22,0,0,0,0,0,0,0,0,0,0,0,0,0,0,0,0,0,0,0,0,6,0,0,0,0,0,0,0,0,0,0,0,0,0,0,0,0,0,0,0,28,0,0,0,15,23,0,0,0
2013-02-01,2,1,5,0,1,0,0,0,0,0,0,0,0,0,0,4,0,1,0,1,0,13,0,0,0,0,0,1,0,0,0,0,3,0,0,3,17,11,0,0,0,0,0,19,0,0,5,0,0,0,0,0,0,0,24,0,0,0,0,0,0,0,0,0,0,0,0,0,0,0,0,1,0,0,0,5,0,0,0,0,0,0,0,0,0,0,0,0,0,0,0,6,0,0,0,11,0,0,0,9,18,0,0,0
2013-03-01,3,2,8,0,2,0,0,0,0,0,0,0,0,0,0,5,0,3,0,0,0,0,0,0,0,0,1,2,0,0,0,0,3,0,0,4,16,11,0,0,0,10,0,30,0,0,6,0,2,0,0,0,0,0,25,0,0,0,0,0,0,0,11,0,0,0,0,0,0,0,0,0,0,0,0,5,0,0,0,0,0,0,0,0,0,0,12,0,0,10,4,0,0,0,0,30,0,10,0,0,18,0,0,0
2013-04-01,3,2,10,0,2,10,0,0,0,0,0,0,0,0,0,6,0,3,0,0,0,0,0,0,0,0,1,1,0,0,0,0,3,0,0,4,17,8,0,0,16,0,0,21,0,0,5,0,0,0,9,0,0,0,17,0,0,15,0,0,0,0,0,0,0,0,0,0,0,0,0,0,0,0,0,6,0,0,0,0,0,0,0,0,0,0,11,0,0,8,4,8,0,0,0,26,0,0,0,10,18,0,0,0
2013-05-01,3,2,10,0,2,7,0,0,0,0,0,0,0,0,0,12,0,2,0,0,0,0,0,0,0,0,0,2,0,0,0,0,3,0,0,3,17,9,0,0,13,0,0,22,0,0,4,0,0,0,9,0,0,0,26,0,0,0,0,0,0,0,19,12,0,0,0,0,0,0,0,0,0,0,0,6,0,0,0,0,1,0,0,0,0,0,0,0,0,0,0,6,0,0,0,30,0,0,0,8,18,0,0,0
2013-06-01,4,2,13,0,3,9,0,0,0,0,0,0,0,0,0,11,0,2,0,0,0,0,0,0,0,0,1,1,0,0,0,0,5,0,0,3,15,10,0,0,11,0,0,18,0,0,4,0,3,0,0,0,0,0,32,0,0,0,0,0,0,0,23,8,0,0,0,0,11,0,0,8,0,0,0,6,0,0,0,1,26,28,0,0,0,0,0,0,0,9,0,8,0,0,0,34,0,0,0,12,21,0,0,0
2013-07-01,2,1,7,0,1,9,0,0,0,0,0,0,0,0,0,5,0,2,0,0,0,0,0,0,0,0,0,2,0,0,0,0,3,0,0,2,16,14,0,0,0,0,0,14,0,0,3,0,3,0,13,0,0,0,28,0,0,0,0,0,0,0,0,0,0,0,0,0,0,0,0,1,0,0,0,6,0,0,0,0,49,6,0,0,0,0,0,0,0,10,0,8,0,0,0,26,0,0,0,10,21,0,0,0
2013-08-01,3,1,10,0,2,0,0,0,0,0,0,0,0,0,0,6,0,2,0,0,0,0,0,0,0,0,1,1,0,0,0,0,3,0,0,4,17,14,0,0,12,0,0,28,0,0,3,0,0,0,0,0,0,0,18,0,0,0,11,0,7,13,19,0,0,0,0,0,0,0,0,1,1,0,0,6,0,0,0,0,3,3,0,0,0,0,0,0,0,6,8,8,0,0,0,32,0,0,0,13,18,0,0,0
2013-09-01,3,2,12,0,2,0,0,0,0,0,0,0,0,0,0,5,0,2,0,0,0,0,0,0,0,0,1,1,0,0,0,0,4,0,0,2,16,10,0,0,17,0,0,23,0,0,3,0,2,0,8,0,0,0,18,0,0,0,0,0,0,0,10,0,0,0,0,0,18,0,0,1,1,0,0,5,0,0,0,0,1,2,0,0,0,0,7,0,0,9,5,6,0,0,0,22,0,0,0,0,22,0,0,0
2013-10-01,3,1,11,0,2,0,0,0,0,0,0,0,0,0,0,4,0,3,0,0,0,0,0,0,0,0,1,1,0,0,0,0,4,0,0,3,16,22,0,0,12,0,0,34,0,0,3,0,4,0,0,0,0,0,17,0,0,0,0,0,0,0,11,0,0,0,0,0,0,0,0,1,0,0,0,6,0,0,0,0,1,4,0,0,0,0,9,0,0,10,4,9,0,0,0,26,0,0,0,9,17,0,0,0
2013-11-01,3,2,11,0,2,9,0,0,0,0,0,0,0,0,0,5,0,2,0,0,0,0,0,0,0,0,1,1,0,1,0,0,3,0,0,3,18,11,0,0,17,0,0,16,0,0,4,0,0,0,16,0,0,0,22,0,0,0,13,0,0,0,7,0,0,0,0,0,17,0,0,1,0,0,0,6,0,0,0,0,0,1,0,0,0,0,8,0,0,10,0,10,0,0,0,26,0,0,0,9,11,0,0,0
2013-12-01,1,1,6,0,1,0,0,0,0,0,0,0,0,0,31,2,0,1,0,0,0,0,0,0,0,0,1,1,0,0,0,0,2,0,0,3,11,9,0,0,0,0,0,18,0,0,2,0,0,0,0,0,0,0,20,0,0,0,0,0,0,0,10,7,0,0,0,0,0,0,0,0,0,0,0,6,0,0,0,0,0,1,0,0,0,0,0,0,0,0,5,0,0,0,0,20,0,0,0,0,16,0,0,0
2014-01-01,1,1,4,0,1,0,0,0,0,0,0,0,0,0,0,3,0,0,0,0,0,0,0,0,0,0,1,1,0,0,0,0,4,0,0,3,17,10,0,0,10,0,0,17,0,0,4,0,2,0,0,0,0,0,19,0,0,0,0,0,0,0,10,9,0,0,0,0,26,0,0,0,0,0,0,6,0,0,0,0,0,1,0,0,0,0,0,0,0,0,0,9,0,0,0,30,0,0,0,9,18,0,0,0
2014-02-01,2,1,8,0,2,10,0,0,8,0,0,0,0,0,0,4,0,2,0,0,0,0,0,0,0,0,1,2,0,0,0,0,3,0,0,3,17,10,0,0,0,0,0,28,0,0,4,0,3,0,0,0,0,0,17,0,0,0,0,0,0,0,15,0,0,0,0,0,16,0,0,1,0,0,0,6,0,0,0,0,0,1,0,0,0,0,0,0,0,9,0,6,0,0,0,25,0,0,0,9,12,0,0,0
2014-03-01,3,2,12,0,2,10,0,0,0,0,0,0,0,0,0,6,0,3,0,0,0,0,0,0,0,0,1,2,0,0,0,0,5,0,0,3,15,8,0,0,10,0,0,26,0,0,3,0,3,0,0,0,0,0,9,0,0,0,14,0,0,0,10,6,0,0,0,0,12,0,0,1,0,0,0,7,0,0,0,0,1,1,0,0,0,0,7,0,0,9,0,8,0,0,0,30,0,0,0,8,14,0,0,0
2014-04-01,3,2,12,0,2,0,0,0,0,0,0,0,0,0,0,6,0,2,0,0,0,0,0,0,0,0,1,1,0,0,0,0,6,0,0,3,15,7,0,0,12,0,0,27,0,0,3,0,2,0,0,0,0,0,19,0,0,0,0,0,0,0,10,10,0,0,0,0,0,0,0,1,0,0,0,7,0,0,0,0,1,1,0,0,0,0,7,0,0,6,0,7,4,0,0,25,0,0,0,14,13,0,0,0
2014-05-01,3,2,16,0,2,12,0,0,0,0,0,0,0,0,0,8,0,2,0,0,0,0,0,0,0,0,1,2,0,0,0,0,4,0,0,2,17,8,0,0,17,0,0,28,0,0,3,0,3,0,10,0,0,0,26,0,0,0,0,0,0,0,15,0,0,0,0,0,0,0,0,1,1,0,0,7,0,0,0,0,3,2,0,0,0,0,0,0,0,9,4,4,0,0,0,31,0,0,0,17,18,0,0,0
2014-06-01,2,1,10,0,2,10,0,0,0,0,0,0,0,0,0,6,0,2,0,0,0,0,0,0,0,0,0,1,0,0,0,0,4,0,0,3,12,12,0,0,17,0,0,19,0,0,4,0,2,0,0,0,0,0,13,0,0,0,0,0,0,0,9,7,0,0,0,0,15,0,0,0,1,0,0,6,0,0,0,0,1,2,0,0,0,0,6,0,0,12,4,4,0,0,0,30,0,0,0,10,16,0,0,0
2014-07-01,2,1,10,0,3,26,0,0,0,0,0,0,0,0,0,6,0,0,0,0,0,0,0,0,0,0,0,1,0,0,0,0,4,0,0,3,15,18,0,0,10,0,0,17,0,0,4,0,4,0,0,0,0,0,25,0,0,0,0,0,0,0,7,0,0,0,0,0,0,0,0,0,0,0,0,7,0,0,0,0,0,1,0,0,0,0,7,0,0,9,0,0,0,0,0,30,0,0,0,0,16,0,0,0
2014-08-01,3,2,15,0,6,55,0,0,0,0,0,0,0,0,0,8,0,2,0,0,0,0,0,0,0,0,1,1,0,0,0,0,5,0,0,3,16,17,0,0,9,0,0,30,10,0,4,0,3,0,0,0,0,0,20,0,0,0,0,0,0,0,11,7,0,0,0,0,0,0,0,1,1,0,0,8,0,0,0,0,0,1,0,0,0,0,9,0,0,12,8,4,0,0,0,26,0,0,0,6,16,0,0,0
2014-09-01,3,2,15,0,6,74,8,0,0,0,0,0,0,0,0,9,0,2,0,0,0,0,0,0,0,0,0,2,0,0,0,0,6,0,0,3,16,12,0,0,17,0,0,31,0,0,4,0,3,0,0,0,0,0,15,0,0,0,12,0,0,0,22,0,0,0,0,0,10,0,0,1,0,0,0,8,1,0,0,0,0,0,0,0,0,0,9,0,0,12,6,0,0,0,0,28,0,0,0,10,11,0,0,0
2014-10-01,3,2,17,0,6,70,0,0,0,0,0,0,0,0,0,16,2,2,0,0,0,0,0,0,0,0,1,5,0,0,0,0,17,0,0,3,19,11,0,0,18,0,0,45,0,0,3,0,7,0,0,0,0,0,13,0,0,0,13,0,11,6,22,7,0,0,0,0,18,0,0,11,0,0,1,9,1,0,0,1,0,1,0,0,0,0,13,0,12,13,7,12,0,0,0,36,9,0,0,14,16,0,0,0
2014-11-01,3,4,26,0,4,24,0,0,0,0,0,0,0,0,0,5,0,2,0,0,0,0,0,0,0,0,1,1,0,0,0,0,7,0,0,2,17,11,0,0,18,0,0,34,0,0,4,0,3,0,15,0,0,0,12,0,0,0,0,0,0,8,20,8,0,11,0,0,17,0,0,5,1,0,0,27,1,0,0,0,0,1,0,0,0,0,8,0,0,13,8,8,0,0,0,30,0,0,0,7,13,0,0,0
2014-12-01,2,1,8,0,2,12,0,0,0,0,0,0,0,0,0,6,0,1,0,0,0,0,0,0,7,0,0,2,0,0,0,0,4,0,0,3,11,20,0,0,14,0,0,16,0,0,0,0,3,0,0,0,0,0,17,0,0,0,0,0,0,7,13,0,0,0,0,0,0,0,0,1,0,0,0,18,1,0,0,0,0,0,0,0,0,0,0,0,0,8,5,11,0,0,0,25,0,0,0,9,15,0,0,0
2015-01-01,3,1,10,0,4,27,0,0,0,0,0,0,0,0,0,5,0,0,0,0,0,0,0,0,0,0,1,2,0,0,0,0,9,0,0,3,13,12,0,0,12,0,0,31,0,0,3,0,0,0,0,0,0,0,9,0,0,0,0,0,0,0,7,0,0,0,0,0,0,0,0,1,0,0,0,15,0,0,0,0,0,0,0,0,0,0,10,0,0,0,0,10,0,0,0,36,0,0,0,16,23,0,0,0
2015-02-01,4,1,27,0,6,43,0,0,0,0,0,0,0,0,31,3,0,0,0,0,0,0,0,0,0,0,1,1,0,0,0,0,4,0,0,3,16,12,0,0,15,0,0,40,0,0,2,0,0,0,0,0,0,0,14,0,0,0,0,0,8,12,16,0,0,0,0,0,0,0,0,19,0,0,0,29,1,0,0,0,1,1,0,0,0,0,12,0,0,0,0,7,0,0,0,31,0,0,0,11,19,0,0,0
2015-03-01,5,3,38,0,6,39,0,0,0,0,0,0,0,0,0,7,0,2,0,0,0,0,0,0,0,0,0,2,0,0,0,0,5,0,0,3,18,11,0,0,15,0,0,53,0,0,3,0,2,0,10,0,0,0,14,0,0,14,0,0,19,38,33,10,0,0,0,0,12,0,0,23,1,0,1,60,1,0,0,0,1,5,0,0,0,0,15,0,0,14,9,13,0,4,0,37,0,6,0,12,15,0,0,0
2015-04-01,5,3,31,0,3,23,0,0,0,10,0,0,0,0,0,6,0,3,0,0,0,0,0,0,0,0,1,1,0,0,0,0,4,0,0,3,16,11,0,0,19,0,0,33,0,0,3,0,2,0,7,0,0,0,18,0,0,0,0,0,0,9,7,0,0,0,0,0,0,0,0,4,1,0,0,25,0,0,0,0,2,1,0,0,0,0,14,0,0,12,7,7,0,0,0,34,0,0,0,10,13,0,0,0
2015-05-01,6,3,29,0,4,32,7,0,0,0,0,0,0,0,0,6,0,3,0,0,0,0,0,0,0,0,1,2,0,0,0,0,5,0,0,3,17,24,0,0,23,0,0,29,0,0,3,0,0,0,0,0,0,0,15,0,0,0,0,0,0,6,20,8,0,0,0,0,11,0,0,2,1,0,0,18,0,0,0,0,4,1,0,0,0,0,12,0,0,11,16,10,0,0,0,38,0,0,0,13,17,0,0,0
2015-06-01,6,4,33,0,4,27,7,0,0,0,0,0,0,0,0,7,0,3,0,0,0,0,0,0,0,0,1,1,0,0,0,0,4,0,0,3,16,15,0,0,16,0,0,46,0,0,3,0,2,0,0,0,0,0,11,0,0,0,0,0,0,0,16,6,0,0,0,0,0,0,0,1,1,0,0,23,0,0,0,0,6,0,0,0,0,0,7,0,0,13,24,16,0,0,0,33,0,0,0,19,14,0,0,0
2015-07-01,6,3,34,0,4,24,0,0,0,0,0,0,0,0,0,7,0,1,0,0,0,0,0,0,0,0,1,1,0,0,0,0,5,0,0,3,17,22,0,0,13,0,0,28,0,0,3,0,4,0,0,7,0,0,14,0,0,0,0,0,7,6,14,8,0,0,0,0,10,0,0,2,0,0,1,32,0,0,0,0,0,0,0,0,0,0,7,0,0,0,8,10,0,0,0,28,0,0,0,13,16,0,0,0
2015-08-01,6,5,48,0,9,84,6,0,0,0,0,0,0,0,0,12,0,2,0,0,0,0,0,0,10,0,1,2,0,0,0,0,6,0,0,2,18,19,0,0,13,0,0,37,0,0,4,4,3,0,7,0,0,0,15,0,0,0,0,0,8,16,25,7,0,0,0,0,0,0,0,6,1,0,1,37,0,0,0,0,1,2,0,0,0,0,9,0,0,12,6,7,0,0,0,39,0,0,0,13,18,0,0,0
2015-09-01,8,6,62,0,6,54,8,0,0,0,0,0,0,0,0,9,0,2,0,0,0,0,0,0,0,0,1,2,0,0,0,0,6,0,0,3,17,12,0,0,17,0,0,43,0,0,4,0,6,0,9,11,0,0,46,11,18,0,20,0,30,54,54,7,10,0,0,0,17,0,0,6,1,0,1,26,0,0,0,0,1,0,0,0,0,0,11,0,0,21,10,6,0,0,0,34,0,0,0,15,15,0,0,0
2015-10-01,6,6,68,0,4,27,0,0,0,0,0,0,0,0,0,5,0,2,0,0,0,0,0,0,0,0,1,2,0,0,0,0,6,0,0,3,19,9,0,0,18,0,0,35,0,0,3,0,3,0,6,0,0,0,34,0,10,0,0,0,8,22,28,6,0,0,0,0,11,0,0,6,2,0,2,21,0,0,0,0,1,0,0,0,0,0,10,0,0,9,11,0,0,0,0,31,0,0,0,14,15,0,0,0
2015-11-01,5,4,37,0,3,25,0,0,0,0,0,0,0,0,0,7,0,1,0,0,0,0,0,0,0,0,1,1,0,0,0,0,5,0,0,3,19,11,0,0,17,0,0,29,0,0,3,0,3,0,15,0,0,0,14,0,0,0,0,0,7,10,32,9,0,0,0,0,20,0,0,4,1,0,0,23,0,0,0,0,1,0,0,0,0,0,12,0,0,15,11,0,0,0,0,32,0,0,0,13,20,0,0,0
2015-12-01,3,2,22,0,5,31,0,0,0,0,0,0,0,0,0,3,0,0,0,0,0,0,0,0,0,0,1,1,0,0,0,0,6,0,0,2,14,11,0,0,11,0,0,23,0,0,3,0,0,0,16,0,0,0,54,0,0,0,0,0,0,9,12,0,0,0,0,0,12,0,0,21,1,0,0,23,0,0,0,0,0,0,0,0,0,0,0,0,0,7,14,4,0,0,0,28,0,0,0,12,16,0,0,0
2016-01-01,3,2,17,0,3,23,0,0,0,0,0,0,0,0,0,7,0,1,0,0,0,0,0,0,18,0,1,2,0,0,0,0,7,0,0,3,14,12,0,0,14,0,0,30,0,0,4,0,0,0,0,0,0,0,14,0,0,0,0,0,0,9,14,0,0,0,0,0,0,0,0,2,0,0,0,22,0,0,0,0,0,0,0,0,0,0,0,0,0,0,11,5,0,0,0,26,0,0,0,13,16,0,0,0
2016-02-01,4,3,23,0,3,21,0,0,0,0,0,0,0,0,26,6,1,1,0,0,0,0,0,0,9,0,0,2,0,0,0,0,4,0,0,2,15,18,0,0,19,0,10,24,0,0,2,2,3,0,0,0,0,30,22,0,0,0,0,0,0,0,13,0,0,0,0,0,0,0,0,3,1,0,0,24,0,0,0,0,0,0,0,0,0,0,0,0,0,9,9,5,0,0,0,37,0,0,0,17,14,0,0,0
2016-03-01,5,5,44,0,4,37,9,0,0,0,0,0,0,0,0,7,0,2,0,0,0,0,0,0,0,0,1,1,0,0,0,1,8,0,0,2,18,13,0,0,24,0,0,29,0,0,2,0,3,0,8,0,0,9,17,0,0,0,14,0,10,8,21,14,0,0,0,0,0,0,0,21,3,0,1,100,0,0,0,0,3,3,0,0,0,0,8,0,0,15,18,4,0,0,0,34,0,0,0,14,12,0,0,0
2016-04-01,6,6,39,0,4,28,7,0,0,0,0,0,0,0,0,8,0,1,0,0,0,0,0,0,0,0,1,2,0,0,0,0,6,0,0,2,17,11,0,0,27,0,0,36,0,0,2,0,3,0,6,0,0,7,11,0,0,0,0,0,8,9,26,10,0,0,0,0,14,0,0,100,4,0,1,45,0,0,0,0,1,1,0,0,0,0,11,0,0,18,13,3,0,0,0,39,0,6,0,15,20,0,0,0
2016-05-01,5,5,28,0,4,26,9,0,0,0,0,0,0,0,0,9,0,3,0,0,0,0,0,0,0,0,1,2,0,0,0,0,7,0,0,2,19,14,0,0,26,0,0,29,0,0,4,5,6,5,23,0,0,0,19,0,0,0,12,0,7,14,42,8,0,0,0,0,0,0,0,33,2,0,0,50,0,0,1,0,1,0,0,0,0,0,16,0,0,16,10,0,0,0,0,31,0,0,0,23,22,0,0,0
2016-06-01,5,5,31,0,3,20,10,0,0,0,0,0,0,0,0,9,1,4,0,0,0,0,0,0,0,0,1,2,0,0,0,0,5,0,0,2,18,12,0,0,19,0,0,34,0,0,5,0,0,2,8,0,0,8,17,0,0,0,0,0,0,0,14,7,0,0,0,0,0,0,0,8,2,0,0,34,0,0,1,0,1,0,0,0,0,0,10,0,0,18,10,0,0,0,0,34,0,0,0,17,22,0,0,0
2016-07-01,3,2,16,0,2,12,6,0,0,0,0,0,0,0,0,5,0,0,0,0,0,0,0,0,0,0,1,1,0,0,0,0,4,0,0,2,15,13,0,0,18,0,0,23,0,0,2,2,0,0,0,0,0,0,0,0,0,0,0,0,0,0,0,9,0,0,0,0,0,0,0,4,0,0,0,27,0,0,1,0,0,0,0,0,0,5,0,0,0,9,4,0,0,0,0,30,0,0,0,10,20,0,0,0
2016-08-01,4,3,20,0,2,16,8,0,0,0,0,0,0,0,0,5,0,2,0,0,0,0,0,0,0,0,1,1,0,0,0,0,5,0,0,3,13,9,0,0,24,0,0,20,0,0,2,0,0,0,0,0,0,0,8,0,0,0,0,0,0,0,9,6,0,0,0,0,0,0,0,17,1,0,0,22,0,0,2,0,0,0,0,0,0,0,9,0,0,13,6,0,0,0,0,25,0,0,0,8,18,0,0,0
2016-09-01,4,4,22,0,3,21,7,0,0,0,0,0,0,0,0,7,0,0,0,0,0,0,0,0,0,0,1,2,0,0,0,0,6,0,0,2,17,11,0,0,15,0,0,32,0,0,2,0,2,0,10,0,0,7,18,0,0,0,14,0,0,0,6,0,0,0,0,0,9,0,0,13,2,0,1,39,0,0,4,0,2,0,0,0,0,0,7,0,0,22,10,0,0,0,0,27,0,0,0,10,20,0,0,0
2016-10-01,4,3,23,0,4,29,0,0,0,0,0,0,0,0,0,6,0,1,0,0,0,0,0,0,0,0,1,2,0,0,0,0,7,0,0,2,15,11,0,0,18,0,0,31,0,0,2,0,5,0,0,0,0,7,9,0,0,0,0,0,0,0,9,6,0,0,0,0,0,0,0,5,1,0,1,33,0,0,2,0,1,0,0,0,0,0,6,0,0,12,11,4,0,0,0,32,0,0,0,9,23,0,0,0
2016-11-01,5,4,29,0,3,24,0,0,0,0,0,0,0,0,0,10,0,1,0,0,0,0,0,0,0,0,1,2,0,0,0,0,9,0,0,4,16,11,0,0,15,0,0,23,0,0,2,0,4,0,11,0,0,0,12,0,0,0,0,0,8,0,12,7,0,0,0,0,10,0,0,6,1,1,2,34,0,0,2,0,4,0,0,0,0,0,6,0,0,13,12,0,0,0,0,27,6,0,0,20,24,0,0,0
2016-12-01,3,2,14,0,3,18,0,0,0,0,0,0,0,0,0,3,0,0,0,0,0,0,0,0,0,0,0,2,0,0,0,0,5,0,0,3,13,10,0,0,18,0,0,16,0,0,3,0,3,0,0,0,0,0,13,0,0,0,0,0,0,0,8,9,0,0,0,0,0,0,0,3,1,0,0,39,0,0,8,0,0,0,0,0,0,0,14,0,0,6,7,0,0,0,0,21,0,0,0,12,19,0,0,0
2017-01-01,2,1,9,0,2,16,0,0,0,0,0,0,0,0,0,3,0,0,0,0,0,0,0,0,0,0,0,2,0,0,0,0,7,0,0,2,14,15,0,0,18,0,0,28,0,0,2,0,0,0,0,0,0,0,8,0,0,0,0,0,0,0,0,8,0,0,0,0,0,0,0,2,0,0,0,36,0,0,2,0,0,0,0,0,0,0,9,0,0,0,6,0,0,0,0,27,0,0,0,14,19,0,0,0
2017-02-01,3,2,15,0,2,17,0,0,0,0,0,0,0,0,0,4,0,1,0,0,0,0,0,0,0,0,1,2,0,0,0,0,5,0,0,3,16,14,0,0,11,0,0,29,9,0,2,0,0,0,0,0,0,0,11,0,0,0,0,0,0,0,0,9,0,0,0,0,0,0,0,2,1,0,0,39,0,0,4,1,1,0,0,0,0,0,0,0,0,0,7,0,0,0,0,25,6,0,0,15,12,0,0,0
2017-03-01,4,3,20,0,4,27,0,0,0,0,0,0,0,0,0,6,0,2,0,0,0,0,0,0,0,0,1,2,0,0,0,0,4,0,0,2,16,11,0,0,20,0,0,23,0,0,3,0,3,0,6,0,0,10,9,0,0,0,10,0,0,0,12,0,0,0,0,0,0,0,0,3,1,0,0,32,0,0,20,1,26,0,0,0,0,0,9,0,0,13,12,0,0,0,0,28,0,0,0,6,12,0,0,0
2017-04-01,3,3,18,0,3,19,0,0,0,0,0,0,0,0,0,8,0,3,0,0,0,0,0,0,0,0,1,1,0,0,0,0,5,0,0,2,15,13,0,0,13,0,0,21,0,0,2,0,2,0,0,0,0,0,11,0,11,0,16,0,0,0,10,9,0,0,0,0,0,0,0,3,1,0,0,45,0,0,26,0,100,1,0,0,0,0,9,0,0,12,9,0,0,0,0,29,0,0,0,12,19,0,0,0
2017-05-01,4,4,23,0,4,20,11,0,0,0,0,0,0,0,0,17,0,4,0,0,0,0,0,0,0,0,1,13,0,0,0,0,7,0,0,3,18,13,0,0,21,0,0,33,0,0,5,0,3,0,0,0,0,8,15,0,0,0,0,0,0,0,9,8,0,0,0,0,20,0,0,5,2,0,0,46,0,0,21,1,7,0,0,0,0,0,7,0,0,21,6,3,0,0,0,28,0,0,0,17,19,0,0,0
2017-06-01,4,4,19,0,3,14,13,0,0,0,0,0,0,0,0,10,0,3,0,0,0,0,0,0,0,0,1,2,0,0,0,0,4,0,0,2,17,12,0,0,17,0,0,22,0,0,3,0,3,0,0,0,0,0,0,0,0,0,0,0,0,0,7,8,0,0,0,0,0,0,0,2,2,0,0,26,0,0,5,0,43,0,0,0,0,0,0,0,0,20,7,4,0,0,0,27,0,0,0,14,16,0,0,0
2017-07-01,2,2,13,0,2,12,0,0,0,0,0,0,0,0,0,5,0,1,0,0,0,0,0,0,0,0,1,2,0,0,0,0,4,0,0,2,16,10,0,0,19,0,0,13,0,0,2,0,2,2,0,0,0,0,10,0,0,0,0,0,0,0,6,0,0,0,0,0,0,0,0,2,1,0,0,30,0,0,4,0,2,0,0,0,0,0,7,0,0,9,5,0,0,0,0,26,0,0,0,7,14,0,0,0
2017-08-01,3,3,19,0,2,11,16,0,0,0,0,20,0,0,0,7,0,2,0,0,0,0,0,0,6,0,1,2,0,0,0,0,5,0,0,2,15,12,0,0,18,0,0,23,0,0,4,0,2,3,13,0,0,6,8,0,0,0,0,0,0,0,0,5,0,0,0,0,0,0,0,2,2,0,0,28,0,0,5,1,1,0,0,0,0,0,9,0,0,20,5,3,0,0,0,26,0,0,0,20,17,0,0,0
2017-09-01,3,3,18,0,2,12,0,0,0,0,0,0,0,0,0,8,0,1,0,0,0,0,0,0,6,0,1,2,0,0,0,0,5,0,0,2,15,10,0,0,22,0,0,24,0,0,2,0,0,0,7,0,0,6,9,0,0,0,11,0,0,0,9,7,0,0,0,0,0,0,0,2,2,0,0,40,0,0,4,1,1,0,0,0,0,0,5,0,0,15,5,5,0,0,0,27,0,0,0,12,14,0,0,0
2017-10-01,3,3,18,0,2,16,0,0,0,0,0,0,0,0,0,6,0,2,0,0,0,0,0,0,0,0,1,2,0,0,0,0,6,0,0,2,16,12,0,0,18,0,0,25,0,0,3,0,0,0,7,0,0,8,9,0,0,0,12,0,0,0,9,6,0,10,0,0,0,0,0,3,1,0,0,24,0,0,4,1,1,0,0,0,0,0,7,0,0,12,6,0,0,0,0,29,0,6,0,7,17,0,0,0
2017-11-01,3,3,21,0,3,16,0,0,0,0,0,0,0,0,0,8,0,2,0,0,0,0,0,0,0,0,1,1,0,0,0,0,7,0,0,3,18,12,0,0,23,0,0,22,0,0,2,0,0,0,14,0,0,0,7,0,10,0,0,0,0,0,0,7,0,15,0,9,14,0,0,3,2,1,0,23,0,0,11,1,3,0,0,0,0,0,0,0,0,10,8,4,0,0,0,39,0,0,0,14,21,0,0,0
2017-12-01,2,1,8,0,2,8,0,0,0,0,0,0,0,0,0,4,0,0,0,0,0,0,0,0,0,0,1,2,0,0,0,0,5,0,0,3,13,13,0,0,19,0,0,26,0,0,3,0,0,0,0,0,0,0,0,0,0,0,0,0,0,6,0,9,0,0,0,0,9,0,0,2,1,0,0,23,0,0,10,1,2,0,0,0,0,0,0,0,0,8,4,0,0,0,0,32,0,0,0,7,13,0,0,0
2018-01-01,2,1,6,0,1,8,0,0,0,0,0,0,0,0,0,4,0,0,0,0,0,0,0,0,6,0,1,2,0,0,0,1,9,0,0,2,14,11,0,0,17,0,0,20,0,0,3,0,2,0,0,0,0,10,0,0,0,0,0,0,0,0,0,0,0,0,0,0,0,0,0,2,0,0,0,23,0,0,5,0,0,0,0,0,0,0,6,0,0,0,0,3,0,0,0,28,0,0,0,12,14,0,0,0
2018-02-01,2,2,10,0,1,11,0,0,0,0,0,0,0,0,0,27,1,2,0,0,0,0,0,0,6,0,1,1,0,0,0,0,7,0,0,2,17,12,0,0,18,0,0,31,0,0,2,0,2,0,0,0,0,0,16,0,0,0,0,0,0,0,8,7,0,0,0,0,0,0,0,2,1,0,0,24,0,0,10,0,3,0,0,0,0,0,8,0,0,8,0,5,0,0,0,24,0,0,0,14,16,0,0,0
2018-03-01,3,3,15,0,3,15,0,0,0,0,0,0,0,0,0,9,1,2,0,0,0,0,0,0,0,0,1,2,0,0,0,0,6,0,0,2,16,15,0,0,28,0,0,26,0,0,2,0,2,0,0,0,0,6,10,0,0,0,9,0,0,0,13,5,0,0,0,0,0,0,0,3,1,0,0,55,0,0,2,0,0,0,0,0,0,0,7,0,0,14,5,3,0,0,0,28,0,0,0,7,13,0,0,0
2018-04-01,4,4,16,0,3,14,8,0,0,0,0,0,0,0,0,9,0,3,0,0,0,0,0,0,0,0,1,2,0,0,0,0,7,0,0,2,18,13,0,0,27,0,0,35,0,0,3,2,2,0,6,0,0,0,10,0,0,0,9,0,7,0,0,7,0,0,0,0,9,0,0,2,3,0,0,65,0,0,2,0,1,0,0,0,0,0,10,0,0,14,5,5,0,0,0,28,0,0,0,12,15,0,0,0
2018-05-01,4,5,25,0,3,13,14,0,0,9,0,0,0,0,0,12,1,4,0,0,0,0,0,0,0,0,1,2,0,0,0,1,6,0,0,3,19,17,0,0,22,0,0,34,0,0,0,0,0,0,7,0,0,0,9,0,0,10,16,0,9,10,16,9,0,0,0,0,14,0,0,3,2,0,0,28,0,0,1,1,6,1,0,0,0,0,15,0,0,20,7,7,0,0,0,32,0,0,0,23,15,0,0,0
2018-06-01,4,5,19,0,2,10,13,0,0,7,0,0,0,0,22,12,1,4,0,0,0,0,0,0,12,0,1,2,0,0,0,0,6,0,0,2,19,9,0,0,24,0,0,22,8,0,6,0,3,2,11,0,0,0,9,0,0,0,10,0,11,0,11,0,0,0,0,0,19,11,0,2,2,1,0,22,0,0,1,1,3,0,0,0,0,0,6,0,0,17,4,5,0,0,0,28,6,6,0,18,20,0,0,0
2018-07-01,2,2,9,0,2,6,6,0,0,0,0,0,0,0,0,6,0,2,0,0,0,0,0,0,0,0,1,2,0,0,0,0,6,0,0,2,20,9,0,0,19,0,0,29,0,0,3,0,2,0,9,0,0,0,11,0,0,0,0,0,6,5,9,7,0,0,0,0,0,0,0,1,1,0,0,22,0,0,1,0,0,0,0,0,0,0,8,0,0,7,3,3,0,0,0,28,0,0,0,14,13,0,0,0
2018-08-01,3,4,16,0,2,11,12,0,0,6,0,0,0,0,0,9,0,2,0,0,0,0,0,0,6,0,1,2,0,0,0,0,10,0,0,2,20,12,0,0,21,0,0,30,0,0,3,0,5,0,15,0,0,0,6,0,0,0,9,12,34,8,9,9,0,0,0,0,11,0,0,2,1,1,0,22,0,0,1,1,0,0,0,0,0,0,0,0,0,23,6,4,0,0,0,27,0,6,0,14,14,0,0,0
2018-09-01,3,5,20,0,3,16,13,0,0,0,0,0,0,0,0,7,1,2,0,0,0,0,0,0,0,0,1,2,0,0,0,0,8,0,0,2,19,12,0,0,26,0,0,28,0,0,3,0,7,0,10,0,0,0,7,0,0,11,0,0,10,11,22,8,0,12,0,0,10,0,0,4,2,1,0,30,0,0,2,1,1,0,0,0,0,0,7,0,0,16,5,6,0,0,0,29,0,6,0,15,15,0,0,0
2018-10-01,3,5,19,0,4,21,11,0,0,6,0,0,0,0,0,10,1,2,0,0,0,0,0,0,8,0,1,3,0,0,0,0,16,0,0,2,19,16,0,0,30,0,0,29,0,0,2,2,5,0,23,0,0,0,6,0,0,0,14,0,17,7,11,0,0,0,0,0,8,0,0,6,2,1,1,53,0,0,7,1,0,0,0,0,0,0,11,0,0,15,7,5,0,0,0,36,0,0,0,12,12,0,0,0
2018-11-01,3,7,17,0,3,15,8,0,0,10,0,0,0,0,0,10,2,3,0,0,0,0,0,0,13,0,1,1,0,0,0,0,11,0,0,2,18,12,0,0,24,0,0,26,0,0,2,0,3,0,17,0,0,0,8,0,0,0,12,0,6,0,11,7,0,16,0,0,11,0,0,3,2,1,0,34,0,0,7,1,0,0,0,0,0,0,11,0,0,13,4,3,0,0,0,24,0,0,0,15,18,0,0,0
2018-12-01,2,2,8,0,2,10,0,0,0,0,0,0,0,0,0,6,1,0,0,0,0,0,0,0,23,0,0,2,0,0,0,0,7,0,0,2,15,14,0,0,28,0,0,18,0,0,0,0,0,0,0,0,0,0,0,0,0,0,0,0,0,0,0,0,0,0,0,0,0,0,0,2,1,0,0,23,0,0,4,1,0,0,0,0,0,0,0,0,0,8,4,0,0,0,0,27,0,0,0,13,18,0,0,0
2019-01-01,2,1,4,0,2,6,0,0,0,0,0,0,0,0,0,11,2,0,0,0,0,6,0,0,14,0,1,3,0,0,0,0,18,0,0,3,17,11,0,0,21,0,0,17,0,0,2,0,2,0,8,0,0,0,8,0,0,0,0,0,6,0,0,6,0,0,0,0,0,0,0,2,0,0,0,20,0,0,9,1,0,0,0,0,0,0,0,0,6,0,0,0,0,0,0,31,0,5,0,17,14,0,0,0
2019-02-01,3,2,9,0,2,6,0,0,0,0,0,0,0,0,0,8,2,1,0,0,0,0,0,0,10,0,1,2,0,0,0,0,10,0,0,2,19,10,0,0,24,0,0,24,0,0,2,0,0,0,0,0,0,0,0,0,0,0,0,0,0,0,7,0,0,0,0,0,0,0,0,2,0,0,0,20,0,0,46,0,0,0,0,0,0,0,7,0,0,9,0,0,0,0,0,26,0,0,0,13,11,0,0,0
2019-03-01,3,4,12,0,2,7,8,0,0,0,0,0,0,0,0,14,2,2,0,0,0,0,0,0,9,0,1,2,0,0,0,0,12,0,0,3,16,15,0,0,40,0,0,28,13,0,2,0,2,0,10,0,0,0,7,0,0,0,13,0,8,0,17,7,0,0,0,0,0,0,0,2,1,0,0,40,0,0,27,1,2,0,0,0,0,0,9,0,0,24,7,3,0,0,0,41,0,0,0,16,8,0,0,0
2019-04-01,4,5,13,0,3,10,11,0,0,7,0,0,0,0,0,11,2,3,0,0,0,0,0,0,0,0,1,2,0,0,0,0,8,0,0,2,19,15,0,0,46,0,0,35,9,0,0,0,3,0,0,0,0,0,0,0,0,0,16,0,0,0,11,0,0,0,0,0,0,0,0,2,1,1,0,19,0,0,32,1,1,0,0,0,0,0,6,0,0,17,7,3,0,0,0,29,0,0,0,17,16,0,0,0
2019-05-01,4,6,17,0,4,24,20,0,0,8,0,0,0,0,0,16,1,4,0,0,0,0,0,0,0,0,1,2,0,0,0,0,8,0,0,3,21,19,0,0,33,0,0,30,0,0,0,0,4,0,15,0,0,0,10,0,0,0,11,0,6,7,12,7,0,0,0,0,0,0,0,3,1,1,0,27,0,0,29,2,5,1,0,0,0,5,15,0,0,23,14,5,0,0,0,35,0,6,0,14,14,0,0,0
2019-06-01,4,5,13,0,3,18,19,0,0,0,0,0,0,0,0,11,0,3,0,0,0,0,0,0,7,0,1,2,0,0,0,0,8,0,0,2,19,10,0,0,38,0,0,31,0,0,0,0,3,0,8,0,0,6,7,0,0,9,9,0,0,0,12,5,0,0,0,0,8,0,0,2,1,1,0,39,0,0,27,1,95,0,0,0,0,0,13,0,0,17,13,5,0,0,0,42,0,0,0,16,18,0,0,0
2019-07-01,2,2,8,0,3,17,8,0,0,0,0,0,0,0,0,8,1,2,0,0,0,0,0,0,9,0,1,2,0,0,0,0,7,0,0,2,20,11,0,0,30,0,0,17,0,0,3,0,0,0,0,0,0,0,6,0,0,0,0,0,0,0,0,0,0,0,0,0,0,0,0,2,1,0,0,26,0,0,64,3,1,0,0,0,0,0,9,0,0,12,5,0,0,0,0,36,0,0,0,18,12,0,0,0
2019-08-01,3,5,15,0,9,68,11,0,0,7,0,0,21,0,0,25,3,2,0,0,0,5,0,0,16,0,1,3,0,0,0,0,11,0,0,2,20,13,0,0,40,0,0,30,10,0,2,0,2,0,0,0,0,0,12,0,0,0,12,0,0,11,17,6,0,9,0,0,0,0,0,3,1,1,0,26,0,0,16,5,1,0,0,0,0,0,12,0,8,23,9,5,0,0,0,34,0,0,0,17,14,0,0,0
2019-09-01,3,5,14,0,3,26,18,5,0,7,0,0,18,0,0,10,1,2,0,0,0,0,0,0,6,0,1,2,0,0,0,0,9,0,0,2,20,13,0,0,31,0,0,31,0,0,2,0,2,0,8,0,0,0,8,0,0,0,22,0,0,5,8,6,0,0,0,0,13,0,0,3,2,1,0,26,0,0,10,3,1,0,0,0,0,0,10,0,0,20,6,4,0,0,0,37,0,0,0,17,15,0,0,0
2019-10-01,3,4,12,0,3,16,12,0,0,0,0,0,0,0,0,12,2,3,0,0,0,0,0,0,6,0,1,2,0,0,0,1,11,0,0,2,19,12,0,0,28,0,0,29,7,0,2,0,2,0,0,0,0,0,6,0,0,0,25,0,0,0,10,0,0,0,0,0,7,0,0,3,1,1,0,20,0,0,25,2,1,0,0,0,0,6,16,0,0,12,4,6,0,0,0,32,0,0,0,19,17,0,0,0
2019-11-01,3,4,14,0,3,17,7,0,0,0,0,19,0,0,0,16,2,2,0,0,0,0,0,0,11,0,1,2,0,0,0,0,16,0,0,2,19,13,0,0,39,0,0,23,0,0,0,0,2,0,8,0,0,0,8,0,0,0,33,12,13,27,11,5,0,0,0,0,12,0,0,4,2,1,0,19,0,0,13,2,1,1,0,0,0,5,11,5,0,19,4,5,0,0,0,38,0,5,0,25,13,0,0,0
2019-12-01,2,2,7,0,2,9,7,0,0,0,0,0,0,0,0,6,0,1,0,0,0,0,0,0,18,0,0,2,0,0,0,0,13,0,0,2,14,14,0,0,28,0,0,20,0,0,3,0,3,0,6,0,0,0,9,0,0,0,22,0,6,9,21,0,0,0,0,0,0,0,0,7,1,0,0,20,0,0,7,1,1,0,0,0,0,6,5,0,0,9,0,5,0,0,0,30,0,0,0,34,19,0,0,0
2020-01-01,1,1,4,0,1,10,0,0,0,0,0,0,0,0,0,18,3,1,0,0,0,0,0,0,20,0,0,3,0,0,0,0,10,0,0,2,17,13,0,0,32,0,0,21,13,0,2,0,3,0,7,0,0,0,8,0,0,0,0,0,0,0,0,0,0,0,0,0,0,0,0,9,0,0,0,16,0,0,5,1,0,0,0,0,0,0,7,0,0,0,0,4,0,0,0,36,0,0,0,23,15,0,0,0
2020-02-01,2,1,7,0,2,11,0,0,0,0,0,0,0,0,0,27,5,2,0,0,0,0,0,0,25,0,1,7,1,0,0,0,12,0,0,2,25,12,0,0,36,0,0,21,0,0,2,0,0,0,7,0,0,0,8,0,0,0,17,0,8,60,19,0,0,21,0,0,0,0,0,3,1,0,0,16,0,0,5,2,0,0,0,0,0,0,6,0,0,8,3,4,0,0,0,37,0,0,5,14,14,0,0,0
2020-03-01,8,6,23,0,20,88,14,4,0,0,0,0,0,0,0,96,15,6,0,0,0,7,0,0,72,0,1,100,12,0,0,0,26,0,0,3,20,11,0,0,38,0,0,23,0,0,2,0,4,0,8,0,0,0,0,0,9,0,25,7,21,56,44,8,16,22,0,0,9,0,0,8,1,1,0,16,0,0,5,2,1,0,0,0,0,0,0,0,0,13,21,5,0,3,0,38,0,6,0,35,24,0,0,0
2020-04-01,6,8,20,0,10,45,34,0,0,14,0,15,0,0,0,24,4,5,0,0,0,7,0,0,35,0,1,16,1,0,0,0,85,0,0,4,23,14,0,0,76,0,0,31,0,0,0,0,5,0,9,0,0,0,13,0,0,0,23,0,9,27,21,5,0,0,0,0,6,0,0,14,2,1,0,17,0,0,2,0,0,0,0,0,0,0,17,0,0,23,27,5,0,0,0,39,4,4,0,100,22,0,0,0
2020-05-01,5,12,20,0,8,35,45,0,0,30,0,0,14,0,0,20,3,4,0,0,0,5,0,0,29,0,1,7,0,0,0,0,26,0,0,3,24,13,0,0,70,0,0,19,7,0,3,7,3,0,0,0,0,0,27,0,0,0,42,0,15,21,45,5,12,12,0,0,7,0,0,10,3,1,0,16,0,0,2,1,1,0,0,0,0,5,16,0,0,32,30,8,0,0,0,43,10,6,0,61,23,0,0,0
2020-06-01,4,12,17,0,5,28,44,0,0,17,0,0,0,0,0,23,3,4,0,0,0,5,0,0,25,0,1,9,0,0,0,0,21,0,0,3,21,10,0,0,75,0,0,27,5,0,0,1,3,0,6,0,0,0,10,0,7,0,56,0,9,16,17,7,5,11,0,0,0,0,0,5,3,2,0,17,0,0,2,1,0,1,0,0,0,4,16,0,0,35,22,7,0,0,0,53,6,7,5,84,29,0,0,0
2020-07-01,6,13,15,0,4,20,46,0,0,15,0,0,0,0,0,19,2,7,0,0,0,0,0,0,14,0,1,5,0,0,0,0,21,0,0,3,19,9,0,0,77,0,0,27,6,0,1,0,2,0,0,0,0,0,9,0,0,0,26,0,7,13,33,9,6,11,0,0,0,0,0,2,3,2,0,21,0,0,3,6,0,0,0,0,0,0,11,0,0,31,23,6,0,0,0,39,13,9,4,54,23,0,0,0
2020-08-01,3,9,14,0,3,16,100,0,0,14,0,0,0,0,0,17,3,4,0,0,0,0,0,0,10,0,1,3,0,0,0,0,20,0,0,2,18,10,0,0,76,0,0,26,0,0,2,0,3,0,0,0,0,0,9,0,0,0,23,0,5,14,23,8,6,0,0,0,0,0,0,2,3,2,0,18,0,0,2,4,0,0,0,0,0,0,13,0,0,27,18,4,0,0,0,40,8,0,0,49,19,0,0,0
2020-09-01,4,11,18,0,7,55,76,0,0,22,0,23,0,0,0,21,3,4,0,0,0,6,0,0,11,0,1,4,0,0,0,0,18,0,0,2,17,11,0,0,79,0,0,20,0,0,2,0,2,0,0,0,0,0,6,0,0,0,43,0,4,19,34,5,10,15,0,0,9,0,0,3,3,2,0,21,0,0,3,3,0,0,0,0,0,5,14,0,0,39,56,5,0,0,0,39,13,6,0,55,24,0,0,6
2020-10-01,3,10,17,0,3,17,48,0,0,19,0,0,0,0,0,16,3,3,0,0,0,0,0,0,9,0,1,4,0,0,0,0,21,0,0,3,18,11,0,0,66,0,0,23,0,0,0,0,4,0,7,0,0,0,0,0,0,8,29,0,5,16,49,6,11,14,0,0,0,0,0,2,5,2,1,27,0,0,2,2,0,0,0,0,0,0,12,0,0,32,16,5,0,0,0,38,5,51,0,30,23,0,0,0
2020-11-01,3,11,17,0,3,21,41,0,0,18,0,0,0,0,0,11,1,2,0,0,0,0,0,0,5,0,1,4,0,0,0,0,22,0,0,3,17,10,0,0,67,0,0,29,9,0,2,0,6,1,9,0,0,0,7,0,0,0,50,0,0,17,24,7,7,10,0,0,11,0,0,4,5,3,1,16,0,0,2,1,0,0,0,0,0,0,15,0,0,29,15,3,0,0,0,49,9,14,0,43,19,0,0,0
2020-12-01,3,8,13,0,2,12,23,0,0,16,0,0,0,0,0,11,2,2,0,0,0,0,0,0,10,0,1,3,0,0,0,0,19,0,0,3,14,8,0,0,68,0,0,22,8,0,0,0,3,0,7,0,0,0,9,0,0,0,30,0,6,17,19,7,0,0,0,0,8,0,0,3,3,2,0,16,0,0,1,1,0,0,0,0,0,6,10,0,0,34,12,4,0,0,0,38,0,9,5,51,24,0,0,0
2021-01-01,2,3,7,0,2,10,10,0,0,0,0,0,0,0,0,14,3,2,0,0,0,0,0,0,7,0,1,4,0,0,0,0,16,0,0,2,16,11,0,0,45,0,0,19,7,0,0,0,3,0,0,0,0,0,0,0,0,0,10,0,0,11,16,7,5,0,0,0,0,0,0,8,1,1,0,18,0,0,2,1,0,0,0,0,0,0,8,0,0,7,7,6,0,0,0,42,0,0,0,37,18,0,0,0
2021-02-01,2,3,7,0,2,8,9,0,0,9,0,0,0,0,0,14,2,1,0,0,0,0,0,0,10,0,1,6,0,0,0,0,17,0,0,2,16,10,0,0,45,0,9,16,0,0,0,0,4,0,0,0,0,0,0,0,0,0,24,0,0,9,21,0,0,0,0,0,0,0,0,2,1,1,1,22,0,0,2,2,0,0,0,0,0,0,7,0,0,14,9,8,0,0,0,45,5,0,0,43,17,0,0,0
2021-03-01,4,9,15,0,3,19,13,0,0,24,0,0,0,0,0,16,2,2,0,0,0,0,0,0,9,0,1,5,0,0,0,0,22,1,0,2,16,11,0,0,57,0,0,28,7,0,2,0,4,0,7,0,0,0,5,0,0,0,34,12,9,18,46,9,0,8,0,0,0,0,0,5,3,1,1,22,0,0,1,1,0,0,0,0,0,0,10,7,0,28,51,46,0,0,0,53,9,5,0,39,24,0,0,0
2021-04-01,4,13,16,0,3,19,35,0,0,38,0,0,0,0,0,15,1,3,0,0,0,0,0,0,12,0,2,3,0,0,0,0,18,0,1,2,17,11,0,0,67,0,0,28,12,0,5,0,3,0,14,0,0,0,7,0,0,0,42,0,6,11,26,8,7,0,0,0,0,0,0,4,5,2,1,16,0,0,2,1,0,0,0,0,0,7,15,0,0,47,9,17,0,0,2,56,8,14,0,44,26,0,0,0
2021-05-01,5,14,21,0,3,14,47,0,0,28,0,0,0,0,0,16,2,4,0,0,0,0,0,0,27,0,2,3,0,0,0,0,16,0,0,2,19,13,0,0,63,0,0,28,8,0,0,0,3,0,5,0,0,0,7,0,0,0,44,0,6,12,32,4,6,8,0,0,0,0,0,4,5,2,1,14,0,0,2,3,0,0,0,0,0,4,15,0,0,40,12,27,0,0,2,54,6,8,0,33,30,0,0,0
2021-06-01,5,16,21,0,3,15,64,0,0,30,0,0,15,0,0,17,1,7,0,0,0,0,0,0,21,0,1,3,0,0,0,0,16,1,3,2,19,22,0,0,63,0,0,41,7,0,1,0,5,0,8,0,0,0,6,0,0,0,100,0,7,17,32,7,5,0,0,0,0,0,0,4,5,2,1,15,0,0,2,4,0,0,0,0,0,9,21,5,0,53,17,34,0,0,0,64,7,17,0,29,37,0,0,0
2021-07-01,3,7,12,0,2,6,19,0,0,10,0,0,0,0,0,20,2,3,0,0,0,0,0,0,10,0,1,8,0,0,0,0,14,0,1,3,18,13,0,0,50,0,0,29,0,0,0,0,4,0,0,0,0,0,0,0,8,0,24,0,0,9,16,6,0,0,0,0,0,0,0,3,2,1,1,16,0,0,2,5,0,0,0,0,0,0,9,0,0,24,11,15,0,0,0,55,6,6,0,27,24,0,0,0
2021-08-01,3,10,17,0,2,10,32,0,0,15,0,20,0,0,0,16,3,3,0,0,0,0,0,0,9,0,1,4,0,0,0,0,16,0,0,3,17,18,0,0,47,0,0,30,0,0,2,0,4,0,7,0,0,0,6,0,0,0,35,0,0,17,29,0,0,0,0,0,0,0,0,3,3,2,1,17,0,0,2,4,1,0,0,0,0,0,13,0,0,31,7,44,0,2,0,54,6,28,0,29,19,0,0,0
2021-09-01,4,13,25,0,3,20,37,6,0,27,0,0,0,0,0,24,3,3,0,0,0,7,0,0,16,0,1,4,0,0,0,0,21,0,0,3,20,26,0,0,60,0,0,27,9,0,0,0,5,0,0,0,0,0,0,0,10,0,41,0,6,24,34,0,7,0,0,0,0,0,0,4,5,3,1,17,0,0,2,3,1,1,0,0,0,6,20,0,0,47,12,40,0,0,0,54,8,34,7,26,26,0,0,0
2021-10-01,4,10,21,0,3,16,28,0,0,17,0,0,0,0,0,17,3,2,0,0,0,0,0,0,12,0,1,5,0,0,0,0,22,0,0,3,18,14,0,0,60,0,0,35,7,0,0,0,4,0,7,0,0,0,6,0,0,0,38,9,8,20,47,7,5,0,0,0,0,0,0,2,3,2,0,15,0,0,2,2,0,0,0,0,0,0,18,0,0,33,11,42,0,0,0,48,0,7,0,30,19,0,0,0
2021-11-01,4,12,22,0,3,19,21,0,0,24,0,0,19,0,0,16,2,3,0,0,0,0,0,0,24,0,1,3,0,0,0,0,20,0,0,2,19,23,0,0,70,0,0,33,8,0,0,2,3,0,7,0,0,0,0,0,0,0,35,0,9,9,27,7,7,0,0,0,0,0,0,2,4,2,1,15,0,0,2,1,0,0,0,0,0,5,15,0,0,35,10,24,0,0,0,45,0,10,0,40,19,0,0,0
2021-12-01,2,6,10,0,4,29,11,0,0,13,0,0,0,0,0,10,2,1,0,0,0,0,0,0,33,0,1,3,0,0,0,0,18,0,0,2,16,15,0,0,50,0,0,33,0,0,0,0,5,0,0,0,0,0,7,0,0,0,28,0,0,8,13,0,0,0,0,0,9,0,0,2,2,1,1,17,0,0,1,1,0,0,0,0,0,0,10,0,0,25,3,50,0,0,0,40,0,0,0,29,22,0,0,0
2022-01-01,1,2,5,0,2,9,6,0,0,0,0,0,0,0,0,12,2,0,0,0,0,0,0,0,62,0,1,4,0,0,0,0,22,0,0,3,20,14,0,0,55,0,0,25,13,0,2,0,5,0,0,0,0,0,7,0,0,0,0,0,0,17,31,10,0,0,0,0,0,0,0,1,0,0,0,18,0,0,1,1,0,0,0,0,0,0,0,0,0,24,5,19,0,0,0,54,9,0,0,49,19,0,0,0
2022-02-01,3,3,10,0,2,8,6,0,0,7,0,16,0,0,0,15,2,1,0,0,0,4,0,0,21,0,1,4,0,0,0,0,24,0,0,3,24,11,0,0,56,0,0,41,10,0,2,0,4,0,0,0,0,0,0,0,10,0,12,0,11,24,26,14,6,0,0,0,0,0,0,1,1,1,0,16,0,0,1,1,0,0,0,0,0,0,10,0,0,16,6,54,0,0,0,56,7,4,0,52,18,0,0,0
2022-03-01,4,8,16,0,3,16,12,0,0,18,0,0,11,0,0,13,1,2,0,0,0,0,0,0,14,0,2,3,0,0,0,0,18,0,0,4,25,13,0,0,57,0,0,52,10,0,2,0,5,0,8,0,0,0,8,0,12,0,44,0,9,25,47,11,6,5,0,0,0,0,0,2,3,1,1,16,0,0,1,1,1,0,0,0,0,3,13,0,0,31,9,54,0,0,0,57,6,5,0,44,21,0,0,0
2022-04-01,4,9,15,0,3,13,24,0,0,24,0,0,0,0,0,15,2,3,0,0,0,0,0,0,12,0,2,3,0,0,0,0,17,0,0,3,23,13,0,0,70,0,0,41,11,0,2,1,4,0,7,0,0,0,7,0,0,0,33,6,11,22,25,11,4,0,0,0,9,0,0,2,3,1,1,16,0,0,1,1,1,0,0,0,0,4,14,0,0,27,11,23,0,0,0,55,6,8,0,44,22,0,0,0
2022-05-01,4,11,17,0,4,22,39,0,0,17,0,0,0,0,0,19,2,5,0,0,0,0,0,0,47,0,2,3,0,0,0,0,18,0,0,3,25,11,0,0,71,0,0,54,9,0,1,1,6,0,8,0,0,0,12,0,6,0,37,0,7,20,25,9,4,0,0,0,6,0,0,2,2,1,1,15,0,0,1,1,1,0,0,0,0,5,12,0,0,44,12,51,0,0,0,59,7,14,0,39,23,0,0,5
2022-06-01,4,12,17,0,7,24,38,0,0,24,0,0,14,0,0,19,2,6,0,0,0,0,0,0,51,0,2,4,0,0,0,0,18,0,0,3,26,13,0,0,63,0,0,44,11,0,2,0,4,0,8,0,0,0,0,0,6,0,33,0,5,21,29,7,0,0,0,0,9,0,0,2,3,2,1,16,0,0,1,1,1,0,0,0,0,5,15,0,0,46,12,40,0,2,0,55,7,12,0,40,25,0,0,0
2022-07-01,2,5,9,0,9,26,18,0,0,9,0,0,0,0,0,11,2,3,0,0,0,0,0,0,20,0,1,3,0,0,0,0,15,0,0,2,23,14,0,0,54,0,0,33,7,0,2,1,5,0,6,0,0,0,14,0,0,0,15,0,4,17,27,6,4,0,0,0,0,0,0,1,1,0,1,17,0,0,1,0,0,0,0,0,0,0,6,0,0,17,7,23,0,0,0,48,0,6,0,42,18,0,0,0
2022-08-01,3,8,15,0,5,24,29,0,0,16,0,0,0,0,0,14,1,4,0,0,0,0,0,0,19,0,1,3,0,0,0,0,16,0,0,3,26,11,0,0,55,0,0,36,9,0,0,0,6,0,9,0,0,0,8,0,7,0,26,0,5,16,20,8,0,0,0,0,6,0,0,2,2,1,1,17,0,0,2,1,0,0,0,0,0,5,14,0,0,43,8,40,0,2,0,44,4,6,0,45,14,0,0,0
2022-09-01,2,9,16,0,6,24,22,0,4,14,0,0,14,0,0,16,6,3,0,0,0,0,0,0,20,0,1,3,0,0,0,0,16,0,0,2,22,100,0,0,62,0,0,42,7,0,2,2,6,0,8,0,0,0,10,0,0,0,30,0,7,16,18,9,4,8,0,0,0,0,0,3,2,1,2,18,0,0,2,1,0,0,0,0,0,4,11,0,0,43,11,23,0,0,0,52,6,7,0,49,19,0,0,0
2022-10-01,3,8,16,0,6,45,17,0,0,10,0,0,0,0,13,19,2,2,0,0,0,0,0,0,12,0,1,4,0,0,0,0,28,0,0,2,24,26,0,0,60,0,0,45,5,0,1,2,11,3,8,0,0,0,8,0,7,7,50,6,11,16,30,7,4,0,0,0,8,0,0,10,2,1,4,25,0,0,3,1,0,1,0,1,0,0,15,7,0,28,30,18,0,0,0,47,5,8,0,41,21,0,0,0
2022-11-01,3,9,15,0,5,24,19,0,0,12,0,0,0,0,17,42,8,2,0,0,0,4,0,0,14,0,1,4,0,0,0,1,38,0,0,2,24,11,0,0,53,0,0,43,7,0,3,0,16,100,19,0,0,0,7,0,0,7,51,13,21,23,20,8,7,12,0,0,8,0,0,9,3,1,1,18,0,0,2,1,14,3,0,0,0,5,14,0,0,31,12,18,0,3,0,48,6,13,0,34,19,0,0,0
2022-12-01,1,4,8,0,3,16,6,0,0,7,0,0,0,0,0,13,3,1,0,0,0,0,0,0,10,0,1,3,0,0,0,0,17,0,0,3,20,13,0,0,43,0,0,27,6,0,2,2,19,5,5,0,0,0,7,0,7,0,18,0,5,11,14,10,0,8,0,0,0,0,0,3,1,0,1,17,0,0,1,1,0,1,0,0,0,0,6,0,0,17,6,16,0,0,0,38,6,6,0,28,18,0,0,0
2023-01-01,1,1,5,0,4,15,0,0,0,0,0,0,0,0,0,24,6,1,0,0,0,0,0,0,12,0,1,3,0,0,0,0,30,0,0,4,24,26,0,0,43,0,0,28,10,0,1,3,13,9,8,0,0,0,6,0,0,7,8,0,9,11,36,5,9,0,0,0,0,0,0,4,0,0,1,18,0,0,2,2,1,1,0,0,0,0,11,0,0,5,3,13,0,0,0,39,7,5,0,50,19,0,0,0
2023-02-01,2,3,7,0,4,16,6,0,0,8,0,0,0,0,0,11,2,1,0,0,0,4,0,0,14,0,1,3,0,0,0,0,22,0,0,3,47,20,0,0,48,0,0,81,9,0,1,1,5,4,6,0,0,0,6,0,0,0,12,0,0,13,16,6,5,0,0,0,0,0,0,1,1,0,1,16,0,0,1,2,0,0,0,0,0,0,6,0,0,16,3,25,0,3,0,47,0,4,0,46,16,0,0,0
2023-03-01,5,6,15,0,5,50,13,0,0,13,15,0,0,0,24,15,3,2,0,0,0,0,0,0,12,0,1,4,0,0,0,0,50,2,0,28,31,14,0,0,57,6,0,100,10,0,1,0,5,3,10,0,0,0,7,0,0,0,31,0,0,9,23,6,0,0,0,0,22,0,0,2,2,1,1,17,0,0,2,2,1,0,0,0,0,6,100,0,0,22,7,29,0,5,0,39,7,10,4,54,19,0,0,0
2023-04-01,3,6,13,0,3,16,18,0,0,13,0,0,0,0,0,13,2,2,0,1,0,6,0,0,15,0,2,3,0,0,0,0,44,0,0,4,30,17,0,0,55,0,0,73,7,0,1,0,4,4,6,0,0,0,6,0,0,0,20,0,6,13,19,7,0,0,0,0,7,0,0,2,1,1,1,16,0,0,1,2,0,0,0,0,0,0,12,0,0,22,7,17,0,3,0,38,7,10,0,38,21,0,0,0
2023-05-01,4,8,14,0,4,22,35,0,0,17,0,0,0,0,0,14,1,5,0,0,0,0,4,0,11,0,1,3,0,0,0,0,44,0,0,4,29,35,0,0,55,0,0,70,5,0,2,3,6,2,9,0,0,5,8,0,0,0,26,0,0,14,15,7,0,0,0,0,11,0,0,2,2,1,1,18,0,0,1,2,1,0,0,0,0,3,18,0,0,30,7,21,0,3,0,42,5,10,0,41,17,0,0,0
2023-06-01,3,7,14,0,3,15,39,0,0,16,0,0,0,0,0,16,2,4,0,0,0,4,0,0,7,0,1,3,0,0,0,0,44,0,0,3,27,13,0,0,57,0,0,62,9,0,1,0,4,1,7,0,0,5,7,0,9,0,33,0,0,17,14,8,0,0,0,0,0,0,0,2,2,1,1,16,0,0,1,4,1,0,0,0,0,0,16,5,0,41,9,21,0,3,3,34,6,11,0,38,22,0,0,0
2023-07-01,2,3,6,0,2,11,11,0,0,7,0,0,0,0,0,10,1,2,0,0,0,0,0,0,7,0,1,3,0,0,0,0,40,0,0,2,23,12,0,0,41,0,0,47,6,0,0,0,6,2,0,5,0,0,60,0,0,0,13,0,5,11,13,10,0,0,0,0,0,0,0,1,1,0,0,17,0,0,2,83,0,0,0,0,0,0,8,0,0,17,11,12,0,0,0,42,5,6,0,35,16,0,0,0
2023-08-01,3,5,11,0,3,16,17,0,0,12,0,0,0,0,0,28,9,3,0,0,0,0,0,0,8,0,1,3,0,0,0,0,54,0,0,3,24,13,0,0,47,0,0,51,7,0,2,0,5,3,12,0,0,4,32,0,0,0,18,0,5,7,14,7,4,0,0,0,0,0,0,1,1,1,1,17,0,0,1,5,0,0,0,0,0,0,16,0,0,33,9,18,0,4,0,39,5,24,0,39,12,0,0,0
2023-09-01,2,6,12,0,3,18,21,0,0,17,0,0,0,0,0,13,2,2,0,0,0,0,0,0,10,1,1,3,0,0,0,0,43,0,0,3,31,12,0,0,50,0,0,51,0,0,0,0,7,2,15,0,0,0,12,0,8,0,23,0,0,11,14,6,0,9,0,0,0,0,0,2,2,2,1,19,0,0,1,3,0,0,0,0,0,0,13,0,0,33,9,11,0,3,0,36,5,9,0,35,18,0,0,0
2023-10-01,2,4,10,0,3,27,9,0,0,9,0,0,0,0,0,13,2,1,0,0,0,0,0,0,8,0,1,3,0,0,0,0,46,0,0,3,26,14,0,0,47,0,0,48,7,0,1,0,6,3,24,0,0,5,6,0,0,0,30,0,8,11,16,6,0,0,0,7,0,0,0,2,1,1,0,17,0,0,1,3,0,0,0,0,0,0,10,0,0,19,7,8,0,0,3,41,5,9,0,31,18,0,0,0
2023-11-01,2,5,10,0,3,20,9,0,0,14,0,0,0,0,0,7,1,2,0,1,0,0,0,0,7,0,2,3,0,0,0,0,55,0,0,2,25,12,0,0,57,0,0,43,0,0,2,0,7,7,28,0,0,5,9,0,0,0,26,0,0,9,12,5,0,0,0,0,0,0,0,3,2,1,1,18,0,0,1,16,1,0,0,0,0,0,11,0,0,18,10,12,0,0,0,35,0,15,4,42,15,0,0,0
2023-12-01,1,2,5,0,2,14,5,0,0,12,0,0,0,0,0,5,1,1,0,0,0,0,6,0,8,0,1,3,0,0,0,0,53,0,0,3,19,14,0,0,43,0,0,32,0,0,0,1,8,5,22,0,7,0,9,0,0,0,11,0,7,10,14,0,0,0,0,0,0,0,0,2,1,0,1,21,0,0,1,17,0,0,0,0,0,0,11,6,0,13,7,15,0,0,0,30,0,0,5,42,20,0,0,0
2024-01-01,1,1,3,0,1,13,0,0,0,6,0,0,0,0,0,9,3,0,0,0,0,0,0,0,8,0,1,3,0,0,0,0,46,0,0,3,22,13,0,0,37,0,0,26,10,0,2,1,7,5,19,0,0,0,8,0,0,0,0,0,0,6,8,10,0,0,0,0,0,0,0,1,0,0,1,20,0,0,1,4,1,0,0,0,0,0,5,0,0,5,0,8,0,0,0,40,6,0,0,34,16,0,0,0
2024-02-01,2,2,7,0,2,9,8,0,0,0,0,0,0,0,0,9,1,0,0,0,0,0,0,0,7,0,1,4,0,0,0,0,50,0,0,3,21,11,0,0,46,0,0,26,9,0,2,3,8,4,10,0,0,0,8,0,0,0,17,0,0,7,11,7,0,0,0,0,0,0,0,10,1,0,1,20,0,0,1,3,0,0,0,0,0,0,8,0,0,16,5,12,0,0,0,46,0,6,0,46,15,0,0,0
2024-03-01,3,4,9,0,2,14,5,0,0,11,0,0,0,0,0,9,1,2,0,0,0,0,0,0,10,0,1,4,0,0,0,0,46,0,0,3,23,11,0,0,46,0,0,29,12,0,1,2,4,14,7,0,0,0,7,0,0,0,22,0,0,5,27,8,6,0,0,0,0,0,0,2,1,1,1,20,0,0,1,3,0,0,0,0,0,0,11,0,0,14,7,8,0,0,0,52,5,13,0,42,20,0,0,0
2024-04-01,3,5,10,0,3,14,19,0,0,13,0,0,0,0,0,15,2,3,0,0,0,0,0,0,8,0,1,3,0,0,0,0,52,0,0,3,27,11,0,0,59,0,0,35,6,0,2,0,8,5,19,0,0,0,19,0,13,0,30,0,7,17,47,11,46,0,0,0,0,0,0,1,1,1,1,25,0,0,1,5,1,0,0,0,0,0,10,0,0,22,7,10,0,0,0,44,0,11,0,41,13,0,0,0
2024-05-01,2,5,11,0,2,13,16,0,0,13,0,0,22,0,0,12,1,3,0,0,0,5,5,0,7,0,1,3,0,0,0,0,51,0,0,3,24,14,0,0,51,0,0,33,6,0,3,3,6,14,10,0,0,12,14,0,0,0,54,0,6,10,20,8,0,0,0,0,0,0,0,1,2,1,1,29,0,0,1,4,0,0,0,0,0,0,5,0,0,21,8,10,0,0,0,46,5,15,10,35,13,0,0,0
2024-06-01,3,8,13,0,3,12,28,0,0,18,0,20,23,0,22,15,3,3,0,0,0,6,0,0,15,0,3,3,0,0,0,0,46,0,0,3,25,12,0,0,58,0,7,52,12,0,2,2,9,15,16,0,0,0,13,0,0,10,70,18,8,22,55,8,16,0,0,0,10,0,0,1,4,1,1,28,0,0,1,3,1,0,0,0,0,5,16,0,0,39,13,21,0,6,0,44,6,36,10,33,32,0,0,0
2024-07-01,1,3,6,0,2,5,10,0,0,9,0,0,0,0,0,8,1,1,0,0,0,0,0,0,13,0,1,3,0,0,0,0,54,0,0,3,21,13,0,0,40,0,0,38,12,0,2,2,5,9,16,0,0,0,9,0,0,0,21,0,10,20,41,7,7,0,0,0,0,0,0,1,1,0,1,26,0,0,1,13,0,0,0,0,0,0,8,0,0,12,6,14,0,0,0,41,0,31,0,35,18,0,0,0
2024-08-01,2,6,10,0,6,13,14,0,0,19,0,0,0,0,0,17,2,5,0,0,0,0,0,0,12,0,2,12,0,0,0,0,54,0,0,3,24,12,0,0,53,0,0,39,8,0,2,0,7,9,10,0,0,0,10,0,0,0,33,0,5,14,26,8,0,0,0,0,0,0,0,2,2,1,4,31,0,0,1,5,0,0,0,0,0,0,8,0,0,29,8,19,0,0,0,52,0,20,0,44,40,0,0,0
2024-09-01,3,8,13,0,3,14,18,0,0,26,0,0,0,0,0,12,1,2,0,0,0,0,0,0,8,0,2,4,0,0,0,0,51,0,0,3,25,11,0,0,67,0,0,64,8,0,0,0,11,24,20,0,0,0,11,0,0,0,42,0,0,8,22,6,0,0,0,0,0,0,0,4,3,2,2,32,0,0,1,4,0,0,0,0,0,0,9,0,0,33,8,52,0,3,0,47,5,23,6,40,33,0,0,0
2024-10-01,2,5,10,0,2,11,15,0,0,21,0,0,0,0,0,8,1,2,0,0,0,0,0,0,6,0,2,3,0,0,0,0,64,0,0,4,26,14,0,0,54,0,0,49,6,0,1,2,10,9,12,0,0,33,18,0,0,0,53,0,5,12,28,6,0,0,0,0,0,0,0,2,2,1,1,27,0,0,1,4,0,0,0,0,0,0,11,0,0,24,6,24,0,3,0,43,8,25,5,34,31,0,0,0
2024-11-01,2,5,11,0,2,12,13,0,0,27,0,0,0,0,0,8,1,2,0,0,0,7,0,0,14,0,3,4,0,0,0,0,66,0,0,3,27,11,0,0,62,0,0,51,7,0,0,0,15,13,27,0,0,8,9,0,0,0,67,18,21,63,48,9,12,0,0,0,0,0,0,2,2,1,1,26,0,0,1,4,0,0,0,0,0,6,13,5,0,25,6,47,0,0,0,52,0,32,0,54,40,0,0,0
2024-12-01,2,3,7,0,3,16,7,0,0,19,0,23,0,0,0,11,2,2,0,0,0,0,0,0,17,0,1,8,0,0,0,0,70,0,0,3,23,15,0,0,53,0,0,70,0,0,3,3,19,7,34,0,0,0,9,0,0,0,19,11,29,100,82,9,16,0,0,0,10,58,0,2,1,1,0,38,0,0,1,10,0,0,0,0,0,0,7,0,0,9,4,100,0,4,0,51,6,13,0,40,19,0,0,0
2025-01-01,1,1,4,0,2,21,0,0,0,5,0,0,0,0,0,10,2,0,0,0,0,0,0,0,23,0,1,5,0,0,0,0,72,0,0,2,28,14,0,0,42,0,0,64,8,0,2,0,15,11,28,0,0,0,6,0,0,0,12,0,13,33,60,6,0,0,0,0,0,0,0,4,1,0,0,28,0,0,1,9,0,0,0,0,0,0,5,0,0,7,3,81,0,0,0,36,6,9,5,53,19,0,0,0
2025-02-01,2,2,7,0,6,55,0,0,0,21,0,0,0,0,0,7,2,0,0,0,0,0,0,0,17,0,1,5,0,0,0,0,57,0,0,2,28,12,0,0,70,0,0,48,0,0,0,0,12,11,20,0,0,0,9,0,0,0,25,0,0,12,34,8,0,0,0,0,0,0,0,2,1,0,1,22,0,0,1,6,0,0,0,0,0,0,9,0,0,20,9,44,0,4,0,42,0,15,0,45,27,0,0,0
2025-03-01,3,4,10,0,5,25,10,0,0,32,0,0,0,0,0,9,1,2,0,0,0,0,0,0,26,0,2,4,0,0,0,0,73,0,0,3,27,11,0,0,58,0,0,68,11,0,2,0,10,2,7,0,0,0,6,0,0,0,35,0,5,8,42,7,0,0,0,9,0,0,0,1,2,1,1,22,0,0,1,5,0,0,0,0,0,0,9,0,0,31,8,94,0,4,0,41,8,20,0,45,53,0,0,0
2025-04-01,2,4,9,0,5,25,12,0,0,22,0,0,0,0,0,15,1,3,0,0,0,0,0,0,43,0,2,16,0,0,0,0,72,0,0,4,29,13,0,0,63,0,0,46,8,0,0,2,9,3,13,0,0,0,8,0,0,0,43,0,10,10,51,11,8,0,0,0,0,0,0,1,2,1,1,19,0,0,1,5,0,0,0,0,0,0,8,0,0,37,8,31,0,3,0,39,0,17,0,46,25,0,0,0
2025-05-01,3,4,11,0,3,24,19,0,0,18,0,0,0,0,33,9,1,2,0,0,0,0,0,0,21,0,3,7,0,0,0,0,67,0,0,2,31,11,0,0,80,0,0,55,11,0,2,2,6,3,15,0,0,15,10,0,0,0,47,0,0,6,23,8,0,0,0,0,0,0,0,1,3,1,1,20,0,0,1,6,0,0,0,0,0,0,9,0,0,31,5,62,0,3,0,41,0,29,6,43,37,0,0,0
2025-06-01,2,5,10,0,3,18,16,0,0,20,0,0,0,0,28,9,0,2,0,0,0,0,0,5,25,0,3,8,0,0,0,0,68,0,0,3,30,13,0,0,68,0,0,54,12,0,3,2,16,3,16,0,0,11,9,0,10,0,46,0,6,6,22,9,0,0,0,0,0,0,0,1,3,1,0,19,0,0,1,6,0,0,0,0,0,0,8,0,0,28,7,77,0,3,0,45,7,40,7,48,27,0,0,0
2025-07-01,2,3,8,0,2,19,6,0,0,19,0,0,0,0,0,9,0,1,0,0,0,0,0,0,12,0,2,4,0,0,0,0,88,0,0,3,27,13,0,0,55,0,0,62,14,0,5,2,15,3,14,0,0,7,11,0,0,0,21,0,7,13,28,8,10,0,0,0,0,0,0,4,1,1,1,24,0,0,1,9,0,0,0,0,0,0,8,8,0,15,6,35,0,3,0,41,6,16,0,55,28,0,0,0
2025-08-01,2,4,9,0,2,16,24,0,0,30,0,26,0,0,0,13,1,2,0,0,0,0,0,0,17,0,2,4,0,0,0,0,70,0,1,4,30,12,0,0,58,0,0,57,8,0,3,2,15,2,11,0,0,0,7,0,0,0,23,0,0,13,23,9,0,0,0,0,0,0,0,8,2,1,1,25,0,0,1,11,0,0,0,0,0,0,12,0,0,24,7,26,0,0,0,48,6,24,0,42,100,0,0,0
2025-09-01,2,4,10,0,2,16,11,6,0,23,0,0,22,0,0,8,1,2,0,0,0,5,0,0,13,0,3,3,0,0,0,0,76,0,0,3,29,14,0,0,91,0,0,77,12,0,3,2,12,3,18,0,0,0,8,0,0,0,45,0,0,12,25,8,5,0,0,0,0,0,0,2,2,2,1,24,0,0,1,14,0,0,0,0,0,0,12,0,0,31,8,30,0,0,0,56,9,50,8,57,59,0,0,0
2025-10-01,2,4,9,0,2,9,8,0,0,24,0,0,0,0,0,7,1,1,0,0,0,0,0,0,24,0,3,4,0,0,0,0,82,0,0,3,30,12,0,0,77,0,0,56,10,0,5,2,18,4,16,0,0,0,0,0,0,0,56,0,0,8,22,11,0,0,0,0,14,0,0,1,1,1,1,22,0,0,1,16,1,0,0,0,0,0,9,0,0,20,3,24,0,5,0,45,7,47,7,59,46,0,0,0
2025-11-01,2,4,10,0,2,10,7,0,0,17,0,0,0,0,0,7,1,2,0,0,0,6,0,0,100,0,3,7,0,0,0,0,81,0,0,6,29,13,0,0,86,0,0,55,15,0,38,2,19,3,22,0,0,0,13,0,10,0,55,0,5,9,25,7,0,0,0,0,10,0,0,2,2,1,1,22,0,0,1,16,0,0,0,0,0,0,13,0,0,26,10,30,0,4,0,53,7,31,5,70,41,0,0,0
2025-12-01,1,2,5,0,2,13,0,0,0,12,0,0,0,0,0,15,4,0,0,0,0,0,0,7,59,0,2,9,0,0,0,0,100,0,0,4,23,13,0,0,72,0,0,52,11,0,51,3,33,6,15,0,0,12,22,0,0,0,24,0,11,17,20,6,0,0,0,0,0,0,0,2,1,1,1,25,0,0,1,21,1,0,0,0,0,0,9,0,0,13,4,23,0,5,0,47,7,22,0,61,27,0,0,0
