date,crise financeira,crise econômica,pânico financeiro,colapso econômico,crash bolsa,queda ibovespa,volatilidade bolsa,bear market brasil,fuga capitais,bolsa despenca,risco default brasil,rebaixamento rating brasil,dívida pública brasil,recessão brasil,desemprego brasil,desvalorização real,dólar dispara,crise bancária,corrida bancária,alta juros brasil,investir agora,vender ações,mercado vai cair,proteção carteira,como proteger investimentos
2008-01-01,1,0,0,0,0,0,0,66,0,0,0,0,0,0,9,0,0,0,0,0,0,44,0,0,0
2008-02-01,1,1,0,0,0,0,0,0,0,0,0,0,0,0,17,0,0,0,0,0,0,0,0,0,0
2008-03-01,2,2,0,0,0,0,0,0,0,0,0,0,0,0,25,0,0,0,0,0,0,50,0,0,0
2008-04-01,3,3,0,0,0,0,0,0,0,0,0,0,0,0,32,71,0,0,0,0,0,39,0,0,0
2008-05-01,2,0,0,0,0,0,0,0,0,0,0,0,0,0,32,0,0,0,0,0,0,44,0,0,0
2008-06-01,2,2,0,0,0,0,0,0,0,0,0,0,0,0,32,0,0,0,0,0,0,31,0,0,0
2008-07-01,1,0,0,0,0,0,0,0,0,0,0,0,0,0,13,0,0,0,0,0,0,30,0,0,0
2008-08-01,1,1,0,0,0,0,0,0,0,0,0,0,0,0,20,0,0,0,0,0,0,26,0,0,0
2008-09-01,14,5,0,0,0,56,0,0,0,0,0,0,0,0,25,0,0,0,0,0,0,35,0,0,0
2008-10-01,100,29,0,0,1,0,0,0,0,0,0,0,0,3,24,0,0,59,0,0,0,32,0,0,0
2008-11-01,84,29,0,0,0,0,0,0,0,0,0,0,0,2,34,69,0,0,0,0,0,0,0,0,0
2008-12-01,39,11,0,0,0,0,0,0,0,0,0,0,0,0,14,66,0,0,0,0,0,27,0,0,0
2009-01-01,23,6,0,0,0,0,0,0,0,0,0,0,0,0,14,0,0,0,0,0,0,0,0,0,0
2009-02-01,36,12,0,0,0,0,0,0,0,0,0,0,0,0,20,0,0,0,0,0,0,0,0,0,0
2009-03-01,45,17,0,0,0,0,0,0,0,0,0,0,0,2,37,0,0,0,0,0,0,24,0,0,0
2009-04-01,36,13,0,0,0,0,0,0,0,0,0,0,0,0,35,0,0,0,0,0,0,0,0,0,0
2009-05-01,29,12,0,0,0,0,0,0,0,0,0,0,0,0,36,0,0,0,0,0,0,0,0,0,0
2009-06-01,20,9,0,0,0,0,0,0,0,0,0,0,0,2,34,0,0,0,0,0,0,0,0,0,0
2009-07-01,8,4,0,0,0,0,0,0,0,0,0,0,0,0,14,0,0,0,0,0,0,31,0,0,0
2009-08-01,9,4,0,0,0,0,0,0,0,0,0,0,0,0,22,0,0,0,0,0,0,20,28,0,0
2009-09-01,15,6,0,0,0,0,0,0,0,0,0,0,0,0,30,0,0,0,0,0,0,20,0,0,0
2009-10-01,9,3,0,0,0,0,0,0,0,0,0,0,0,0,23,38,0,0,0,0,0,0,0,0,0
2009-11-01,10,4,0,0,0,0,0,0,0,0,0,0,0,0,35,0,0,0,0,0,0,21,0,0,0
2009-12-01,4,2,0,0,0,0,0,0,0,0,0,0,0,0,14,0,0,0,0,0,0,0,0,0,0
2010-01-01,3,1,0,0,0,0,0,0,0,0,0,0,0,0,8,0,0,0,0,0,0,22,0,0,0
2010-02-01,3,1,0,0,0,0,0,0,0,0,0,0,0,0,12,0,0,0,0,0,0,0,0,0,0
2010-03-01,5,2,0,0,0,0,0,0,0,0,0,0,0,0,22,0,0,0,0,0,0,31,0,0,0
2010-04-01,4,2,0,0,0,0,0,0,0,0,0,0,0,0,21,0,0,0,0,0,0,0,0,0,0
2010-05-01,7,4,0,0,1,0,0,0,0,0,0,0,0,0,27,0,0,0,0,0,31,0,0,0,0
2010-06-01,5,3,0,0,1,0,0,0,0,0,0,0,0,0,21,58,0,0,0,0,0,29,0,0,0
2010-07-01,3,1,0,0,0,0,0,0,0,0,0,0,0,0,11,0,0,0,0,0,0,20,0,0,0
2010-08-01,3,2,0,0,0,0,0,0,0,0,0,0,0,0,19,0,0,0,0,0,0,27,0,0,0
2010-09-01,3,2,0,0,0,0,0,0,0,0,0,0,0,0,24,0,0,0,0,0,0,23,0,0,0
2010-10-01,4,2,0,0,0,0,0,0,0,0,0,0,2,0,23,35,0,0,0,0,0,18,0,0,0
2010-11-01,5,3,0,0,0,0,0,0,0,0,0,0,0,0,27,0,0,0,0,0,0,22,0,0,0
2010-12-01,3,1,0,0,0,0,0,0,0,0,0,0,0,0,8,0,0,0,0,0,0,0,0,0,0
2011-01-01,2,1,0,0,0,0,0,0,0,0,0,0,0,0,8,0,0,0,0,0,0,24,0,0,0
2011-02-01,2,1,0,0,0,19,0,0,0,0,0,0,0,0,11,0,0,0,0,0,0,16,0,0,0
2011-03-01,3,2,0,0,0,0,0,0,0,0,0,0,0,0,14,0,0,0,0,0,0,23,0,0,0
2011-04-01,3,2,0,0,0,0,0,0,0,0,0,0,0,0,17,0,0,0,0,0,0,15,0,0,0
2011-05-01,4,2,0,0,0,0,0,0,0,0,0,0,1,0,21,21,0,0,0,0,0,13,0,0,0
2011-06-01,3,2,0,0,0,0,0,0,0,0,0,0,0,0,19,26,0,0,0,0,0,21,0,0,0
2011-07-01,3,1,0,0,0,0,0,0,0,0,0,0,0,0,11,0,0,0,0,0,0,20,0,0,0
2011-08-01,6,4,0,0,0,0,0,0,0,0,0,0,0,1,20,0,0,0,0,0,0,16,0,0,0
2011-09-01,5,3,0,0,0,0,0,0,0,0,0,0,1,1,23,19,0,0,0,0,0,12,0,0,0
2011-10-01,6,4,0,0,0,0,0,0,0,0,0,0,0,0,21,17,0,0,0,0,0,14,0,0,0
2011-11-01,5,3,0,0,0,0,0,0,0,0,0,0,0,0,23,17,0,0,0,12,0,12,8,0,0
2011-12-01,3,1,0,0,0,0,0,0,0,0,0,0,0,0,13,0,0,0,0,0,0,8,0,0,0
2012-01-01,1,1,0,0,0,0,0,0,0,0,0,0,0,0,10,0,0,0,0,0,0,17,0,0,0
2012-02-01,3,1,0,0,0,0,0,0,0,0,0,0,0,0,12,0,0,0,0,0,0,10,0,0,0
2012-03-01,4,2,0,0,0,0,0,0,0,0,0,0,0,0,17,13,0,0,0,0,0,16,0,0,0
2012-04-01,4,2,0,0,0,0,0,0,0,0,0,0,0,0,16,13,0,0,0,0,0,7,0,0,0
2012-05-01,4,3,0,0,1,0,0,0,0,0,0,0,0,0,20,19,0,0,0,12,0,20,0,0,0
2012-06-01,4,3,0,0,0,0,0,0,0,0,0,0,0,0,18,16,0,0,0,0,0,8,0,0,0
2012-07-01,2,1,0,0,0,0,0,0,0,0,0,0,0,0,13,0,11,0,0,0,0,12,0,0,0
2012-08-01,4,2,0,0,0,0,0,0,0,0,0,0,0,0,20,15,0,0,0,0,0,11,0,0,0
2012-09-01,4,2,0,0,0,0,0,0,0,0,0,0,0,0,21,13,0,0,0,0,6,11,0,0,0
2012-10-01,4,3,0,0,0,0,0,0,0,0,0,0,0,1,17,0,0,0,0,0,5,12,0,0,0
2012-11-01,7,4,0,0,0,0,0,0,0,0,0,0,0,0,19,13,0,0,0,0,0,10,0,0,0
2012-12-01,2,1,0,0,0,0,0,0,0,0,0,0,0,0,9,0,0,0,0,0,0,10,0,0,0
2013-01-01,2,1,0,0,0,0,0,0,0,0,0,0,0,0,9,0,0,0,0,0,0,13,0,0,0
2013-02-01,2,1,0,0,0,0,0,0,0,0,0,0,0,0,8,0,0,0,0,0,6,15,0,0,0
2013-03-01,3,2,0,0,0,0,0,0,0,0,0,0,0,0,13,13,0,0,0,0,0,8,0,0,0
2013-04-01,3,2,0,0,0,0,0,0,0,0,0,0,0,0,15,11,0,0,0,0,0,11,0,0,0
2013-05-01,3,2,0,0,0,0,0,0,0,0,0,0,0,0,17,19,0,0,0,0,0,14,0,0,0
2013-06-01,4,2,0,0,0,0,0,0,0,0,0,0,1,1,17,35,0,0,0,0,6,10,0,0,0
2013-07-01,2,1,0,0,0,0,0,0,0,0,0,0,1,0,11,11,0,0,0,0,5,12,0,0,0
2013-08-01,3,1,0,0,0,0,0,0,8,0,0,0,0,1,16,21,0,0,0,0,5,12,0,0,0
2013-09-01,3,2,0,0,0,0,0,0,0,0,0,0,0,0,19,13,0,0,0,0,0,14,0,0,0
2013-10-01,3,1,0,0,0,0,0,0,0,0,0,0,1,0,15,11,0,0,0,13,6,14,0,0,0
2013-11-01,3,2,0,0,0,0,0,0,0,0,0,0,0,0,18,11,0,0,0,0,0,13,0,0,0
2013-12-01,1,1,0,0,0,0,0,0,0,0,0,0,0,0,9,10,0,0,0,0,0,12,0,0,0
2014-01-01,1,1,0,0,0,0,0,0,0,0,0,0,0,0,9,11,0,0,0,0,0,13,0,0,0
2014-02-01,2,1,0,0,0,0,0,0,0,0,0,0,1,0,12,13,0,0,0,10,0,12,0,0,0
2014-03-01,3,2,0,0,0,0,0,0,0,0,0,0,0,1,13,11,0,0,0,7,0,15,0,0,0
2014-04-01,3,2,0,0,0,0,0,0,0,0,0,0,0,0,14,13,0,0,0,10,4,11,0,0,0
2014-05-01,3,2,0,0,0,0,0,0,0,0,0,0,0,0,20,19,0,0,0,0,6,10,0,0,0
2014-06-01,2,1,0,0,0,0,0,0,0,0,0,0,0,0,15,13,0,0,0,0,5,10,0,0,0
2014-07-01,2,1,0,0,0,0,0,0,0,0,0,0,1,1,14,8,0,0,0,0,4,17,0,0,0
2014-08-01,3,2,0,0,0,0,0,0,0,0,0,0,1,3,18,16,0,0,0,0,0,13,0,0,0
2014-09-01,3,2,0,0,0,0,0,0,0,0,0,0,0,4,22,23,0,0,0,0,4,12,0,0,0
2014-10-01,3,2,0,0,0,11,0,0,0,13,0,0,1,3,43,24,0,0,0,14,8,18,0,0,0
2014-11-01,3,4,0,0,0,0,0,0,0,0,0,0,1,1,21,21,0,0,0,0,8,13,5,0,0
2014-12-01,2,1,0,0,0,0,0,0,0,0,0,0,0,1,10,14,0,0,0,0,12,10,0,0,0
2015-01-01,3,1,0,0,0,0,0,0,0,0,0,0,0,1,13,7,0,0,0,0,8,17,0,0,0
2015-02-01,3,1,0,0,0,0,0,0,0,0,0,0,0,2,14,21,0,0,0,9,10,20,0,0,0
2015-03-01,5,3,0,0,0,0,0,0,0,0,0,0,0,2,20,40,0,0,0,0,13,15,0,0,0
2015-04-01,5,3,0,0,0,0,0,0,0,0,0,0,0,1,20,15,0,0,0,12,11,21,0,4,0
2015-05-01,6,3,0,0,0,0,0,0,0,0,0,0,0,2,24,20,0,0,0,10,11,16,0,4,0
2015-06-01,6,4,0,0,0,0,0,0,0,0,0,0,0,1,24,20,0,0,0,0,10,18,0,0,0
2015-07-01,6,3,0,0,0,0,0,0,0,0,0,0,1,1,22,21,0,0,0,0,11,18,0,5,0
2015-08-01,6,5,0,0,0,0,0,0,0,0,0,0,1,4,26,25,0,0,0,10,11,14,0,0,0
2015-09-01,8,6,0,0,0,0,0,0,0,0,0,0,1,3,28,62,0,0,0,7,14,17,0,0,0
2015-10-01,6,6,0,0,0,0,0,0,0,0,0,0,1,1,25,36,0,0,0,0,8,16,0,4,0
2015-11-01,5,4,0,0,0,0,0,0,0,0,0,0,1,1,27,41,0,0,0,0,8,17,0,0,0
2015-12-01,3,2,0,0,0,0,0,0,0,0,0,0,0,1,15,23,0,0,0,0,13,11,0,0,0
2016-01-01,3,2,0,0,0,0,0,0,0,0,0,0,0,1,12,13,0,0,0,0,7,18,0,0,0
2016-02-01,4,3,0,0,0,0,0,0,0,0,0,0,0,1,18,15,0,0,0,0,6,16,0,0,0
2016-03-01,5,5,0,0,0,0,0,0,0,0,0,0,0,2,28,26,0,0,0,0,10,18,0,0,0
2016-04-01,5,5,0,0,0,0,0,0,0,0,0,0,0,1,32,32,0,0,0,0,9,18,0,0,0
2016-05-01,5,5,0,0,1,0,0,0,0,0,0,0,1,1,35,51,0,0,0,12,11,22,0,4,0
2016-06-01,5,5,0,0,0,0,0,0,0,0,0,0,0,1,25,18,0,0,0,0,11,18,0,4,0
2016-07-01,3,2,0,0,0,0,0,0,0,0,0,0,0,1,16,10,14,0,0,0,7,14,0,0,0
2016-08-01,3,3,0,0,0,0,0,0,0,0,0,0,0,1,21,9,0,0,0,0,6,19,0,0,0
2016-09-01,3,4,0,0,0,0,0,0,0,0,0,0,0,1,23,10,0,0,0,0,8,19,0,0,0
2016-10-01,4,3,0,0,0,0,0,0,0,0,0,0,1,1,20,9,0,0,0,7,7,18,0,0,0
2016-11-01,5,4,0,0,0,0,0,0,0,0,0,0,1,1,23,13,0,0,0,0,12,25,0,0,0
2016-12-01,3,2,0,0,0,0,0,0,0,0,0,0,1,1,12,8,0,0,7,0,7,14,0,0,0
2017-01-01,2,1,0,0,0,0,0,0,0,0,0,0,0,1,13,9,0,0,0,0,11,15,0,0,0
2017-02-01,3,2,0,0,0,0,0,0,0,0,0,0,0,1,19,8,0,0,0,0,6,17,4,0,0
2017-03-01,4,3,0,0,0,7,0,0,0,0,0,0,0,1,23,15,0,0,0,0,5,18,0,4,0
2017-04-01,3,3,0,0,0,0,0,0,0,0,0,0,0,1,23,10,0,0,0,0,0,18,0,0,0
2017-05-01,4,4,0,0,1,8,0,0,6,7,0,0,0,1,26,11,0,0,0,0,11,25,0,0,0
2017-06-01,4,3,0,0,0,0,0,0,0,0,0,0,0,1,20,0,0,0,0,8,6,22,0,0,0
2017-07-01,2,2,0,0,0,0,0,0,0,0,0,0,1,1,16,0,0,0,0,0,5,14,0,0,0
2017-08-01,3,3,0,0,0,0,0,0,0,0,0,0,0,1,22,0,0,0,0,0,8,24,0,0,0
2017-09-01,3,3,0,0,0,0,0,0,0,0,0,0,0,1,21,10,0,0,0,0,7,16,0,0,0
2017-10-01,3,3,0,0,0,0,0,0,0,0,0,0,0,1,22,12,0,0,0,0,7,23,0,5,0
2017-11-01,3,3,0,0,0,0,0,0,6,0,0,0,0,1,22,13,0,0,0,0,6,12,0,0,0
2017-12-01,2,1,0,0,0,0,0,0,0,0,0,0,0,0,11,8,0,0,0,0,6,15,0,0,0
2018-01-01,2,1,0,0,0,0,0,0,0,0,0,0,0,0,11,0,0,0,0,0,7,16,0,7,0
2018-02-01,2,2,0,0,0,9,0,0,0,0,0,0,0,0,13,0,0,0,0,0,5,16,0,0,0
2018-03-01,3,3,0,0,0,5,0,0,0,0,0,0,0,1,21,13,0,0,0,0,6,20,3,0,0
2018-04-01,3,4,0,0,0,0,0,0,0,0,0,0,0,1,22,0,0,0,0,0,4,15,0,0,0
2018-05-01,3,5,0,0,0,8,0,0,0,0,0,0,0,1,28,18,0,0,0,0,10,23,0,4,0
2018-06-01,4,5,0,0,0,9,0,0,0,0,0,0,0,1,20,14,0,0,0,0,8,21,0,0,0
2018-07-01,2,2,0,0,0,0,0,0,0,0,0,0,0,0,16,10,0,0,0,0,5,18,0,0,0
2018-08-01,3,4,0,0,0,0,0,0,0,0,0,0,1,1,29,11,7,0,0,0,6,20,0,0,0
2018-09-01,3,5,0,0,0,0,0,0,6,0,0,0,1,1,33,23,0,0,0,0,6,19,0,0,0
2018-10-01,3,5,0,0,0,13,0,0,0,8,0,0,1,1,42,14,0,0,0,0,7,32,0,4,0
2018-11-01,3,7,0,0,0,13,0,0,10,0,0,0,1,1,25,14,0,0,0,7,9,30,0,4,0
2018-12-01,2,3,0,0,0,7,0,0,0,0,0,0,0,1,12,8,0,0,0,0,5,22,0,0,0
2019-01-01,2,1,0,0,0,14,0,0,0,8,0,0,0,0,13,0,0,0,0,0,6,37,5,4,0
2019-02-01,3,2,0,0,0,14,0,0,0,0,0,0,0,0,17,0,0,0,0,0,9,32,0,0,0
2019-03-01,3,4,0,0,0,11,0,0,0,0,0,0,0,0,28,18,0,0,0,9,7,37,0,5,0
2019-04-01,4,5,0,0,0,12,0,0,0,0,0,0,1,1,32,14,0,0,0,0,6,34,0,4,0
2019-05-01,4,6,0,0,1,6,0,0,0,0,0,0,1,1,39,13,0,0,0,0,8,35,0,5,0
2019-06-01,4,5,0,0,0,0,0,0,0,0,0,0,1,1,30,14,0,0,0,0,4,37,0,3,0
2019-07-01,2,2,0,0,0,9,0,0,0,0,0,0,0,1,26,0,0,0,0,0,8,41,0,5,0
2019-08-01,3,5,0,0,0,20,0,0,7,7,0,0,0,3,44,23,0,0,0,0,10,52,0,3,0
2019-09-01,3,5,0,0,0,7,0,0,0,0,0,0,0,1,35,10,0,0,0,0,6,43,0,4,0
2019-10-01,3,4,0,0,0,12,0,0,0,8,0,0,0,1,31,11,0,0,0,0,7,34,4,3,0
2019-11-01,3,4,0,0,0,9,0,0,0,6,0,0,0,1,35,13,0,0,0,0,8,35,3,5,0
2019-12-01,2,2,0,0,0,0,0,0,0,0,0,0,1,0,21,25,0,0,0,0,9,41,0,4,0
2020-01-01,1,1,0,0,0,20,0,0,0,0,0,0,0,0,21,0,0,0,0,0,7,54,0,4,0
2020-02-01,2,2,0,0,0,30,0,0,13,16,0,0,0,1,26,17,0,0,0,6,11,44,4,4,0
2020-03-01,8,6,0,0,1,100,7,0,12,30,0,0,1,4,43,51,0,0,0,0,31,77,0,7,0
2020-04-01,6,8,0,0,1,27,5,0,5,0,0,0,1,2,72,23,0,6,0,0,25,61,3,6,0
2020-05-01,5,11,0,0,1,16,0,0,9,0,0,0,1,2,59,51,0,0,0,0,28,66,6,7,0
2020-06-01,4,12,0,0,1,25,5,0,7,0,0,0,1,1,37,19,0,0,0,7,24,88,3,7,0
2020-07-01,6,13,0,0,1,15,5,0,7,0,0,0,0,1,35,38,0,0,0,0,22,78,7,10,0
2020-08-01,3,9,0,0,1,16,0,0,5,6,0,0,0,1,25,26,0,0,0,0,14,62,6,8,0
2020-09-01,4,11,0,0,1,22,0,0,10,0,0,0,0,3,29,40,0,0,0,0,13,50,8,7,0
2020-10-01,3,10,0,0,0,18,0,0,9,5,0,0,0,1,25,54,0,0,0,10,13,55,3,7,0
2020-11-01,3,11,0,0,0,9,0,0,5,0,0,0,1,1,25,29,0,0,0,0,16,55,6,5,5
2020-12-01,3,8,0,0,0,14,0,0,5,0,0,0,0,1,20,23,0,0,0,0,14,50,0,6,0
2021-01-01,2,3,0,0,0,19,0,0,5,0,0,0,1,1,20,16,0,0,0,0,15,57,0,6,0
2021-02-01,2,3,0,0,0,13,0,0,0,0,0,0,1,0,18,22,0,0,0,0,13,53,0,4,0
2021-03-01,4,9,0,0,0,15,0,0,0,13,0,0,1,1,28,53,7,6,0,5,22,61,5,5,0
2021-04-01,4,12,0,0,0,5,0,0,0,0,0,0,0,1,29,29,0,0,0,5,17,63,6,7,0
2021-05-01,4,14,0,0,1,12,6,0,6,0,0,0,1,1,28,38,0,0,0,0,18,70,3,12,0
2021-06-01,5,16,0,0,1,9,0,0,0,11,0,0,1,1,30,37,0,0,21,0,18,71,5,10,4
2021-07-01,2,7,0,0,0,14,0,0,0,6,0,0,1,0,20,19,0,0,10,0,12,45,4,8,0
2021-08-01,3,10,0,0,0,14,0,0,0,7,0,0,1,1,23,33,0,0,0,0,14,50,4,9,0
2021-09-01,4,13,0,0,1,18,6,0,6,14,0,0,1,1,30,40,0,0,0,7,12,50,5,8,0
2021-10-01,3,10,0,0,0,15,0,0,6,6,0,0,1,1,22,54,0,0,0,6,21,43,3,7,0
2021-11-01,4,12,0,0,0,11,0,0,0,0,0,0,1,1,24,34,0,0,0,0,14,45,0,10,0
2021-12-01,2,5,0,0,0,10,0,0,0,0,0,0,1,2,17,16,0,0,0,7,11,47,0,8,0
2022-01-01,1,2,0,0,0,10,0,0,0,0,0,0,1,0,21,36,0,0,0,0,17,47,6,10,0
2022-02-01,2,3,0,0,0,14,5,0,0,5,0,0,1,0,25,33,0,0,0,0,16,43,6,7,0
2022-03-01,4,8,0,0,0,8,0,0,3,5,0,0,1,1,29,56,0,0,0,9,17,59,4,9,0
2022-04-01,4,9,0,0,0,12,0,0,0,0,0,0,1,1,29,29,0,0,0,6,16,55,0,9,0
2022-05-01,4,11,0,0,1,14,0,0,0,5,0,0,1,1,34,29,0,0,0,9,20,54,5,11,2
2022-06-01,4,12,0,0,1,18,0,0,0,4,0,0,1,1,49,34,0,0,0,11,18,58,6,8,0
2022-07-01,2,5,0,0,0,9,0,0,0,0,0,0,1,1,33,33,0,0,0,5,10,37,2,8,0
2022-08-01,3,8,0,0,1,6,0,0,4,0,0,0,1,1,48,22,0,0,0,6,12,54,4,9,0
2022-09-01,2,9,0,0,0,38,0,0,5,0,0,0,1,1,46,21,0,7,0,8,16,50,3,10,2
2022-10-01,3,8,0,0,0,15,0,0,0,7,0,0,2,2,100,34,0,0,0,7,11,42,3,6,2
2022-11-01,3,9,0,0,0,53,0,0,4,29,0,0,3,1,33,25,11,0,0,8,16,48,3,9,3
2022-12-01,1,4,0,0,0,19,0,0,0,7,0,0,3,1,19,15,0,0,0,5,13,38,3,6,0
2023-01-01,1,1,0,0,0,35,0,0,0,19,0,0,2,1,24,44,0,0,0,0,18,55,4,7,0
2023-02-01,2,2,0,0,0,13,0,0,0,0,0,0,1,1,21,19,0,0,0,6,10,41,0,7,0
2023-03-01,5,6,0,0,0,24,0,0,0,7,0,0,1,2,32,23,0,16,0,13,16,46,5,9,0
2023-04-01,3,6,0,0,0,12,0,0,5,0,0,0,1,1,30,22,0,5,0,9,13,40,4,6,0
2023-05-01,4,8,0,0,1,9,0,0,0,0,0,0,1,1,35,17,0,4,0,14,13,49,3,6,0
2023-06-01,3,7,0,0,1,10,0,0,0,0,0,0,1,1,30,16,0,0,0,7,14,50,4,8,4
2023-07-01,2,3,0,0,0,9,0,0,0,0,0,0,1,0,23,13,0,0,0,5,12,45,4,7,0
2023-08-01,3,5,0,0,0,55,0,0,0,0,0,0,1,1,26,17,0,0,0,0,18,41,0,11,0
2023-09-01,2,6,0,0,0,13,0,0,0,0,0,0,1,1,28,17,0,0,0,8,37,42,3,6,0
2023-10-01,2,4,0,0,0,11,0,0,0,8,0,0,1,1,23,16,0,0,0,0,11,44,0,8,0
2023-11-01,2,5,0,0,0,5,0,0,0,0,0,0,1,1,25,15,0,0,0,7,11,49,3,9,0
2023-12-01,1,2,0,0,0,6,0,0,0,0,0,0,1,1,20,16,0,0,0,8,11,40,0,8,0
2024-01-01,1,1,0,0,0,21,0,0,0,0,0,0,1,1,14,12,0,0,0,0,14,42,3,7,0
2024-02-01,2,2,0,0,0,9,0,0,0,0,0,0,1,0,16,17,0,0,0,0,14,51,0,10,4
2024-03-01,3,4,0,0,0,0,0,0,0,0,0,0,1,1,21,31,0,0,0,0,14,52,0,7,3
2024-04-01,3,5,0,0,0,11,0,0,0,0,0,0,1,1,22,53,0,0,0,0,11,47,0,8,4
2024-05-01,2,5,0,0,0,8,0,0,0,0,0,0,1,1,22,22,0,0,0,0,17,56,4,9,5
2024-06-01,3,7,0,0,0,21,0,0,0,5,0,0,1,1,17,65,9,0,0,5,20,100,3,12,5
2024-07-01,1,3,0,0,0,7,0,0,0,0,0,0,1,0,14,47,0,0,0,6,15,44,0,10,14
2024-08-01,2,6,0,0,1,11,0,0,0,0,0,0,1,1,19,31,0,0,0,11,19,57,0,10,6
2024-09-01,3,7,0,0,0,9,0,0,0,0,0,0,2,1,20,29,0,0,0,16,13,47,4,14,5
2024-10-01,2,5,0,0,0,6,0,0,0,0,0,0,2,0,18,33,0,0,0,8,15,56,4,12,5
2024-11-01,2,5,0,0,0,8,0,0,0,0,0,0,2,1,24,56,10,0,0,15,20,61,0,13,8
2024-12-01,2,3,0,0,0,16,0,0,0,0,0,0,3,1,19,100,8,8,0,17,21,45,5,10,0
2025-01-01,1,1,0,0,0,9,0,0,0,0,0,0,3,1,16,70,0,0,0,19,19,35,4,9,0
2025-02-01,2,2,0,0,0,11,0,0,0,0,0,0,2,3,16,38,0,0,0,9,14,41,0,10,0
2025-03-01,3,4,0,0,0,6,0,0,0,0,0,0,2,1,15,50,0,0,0,17,16,44,5,9,5
2025-04-01,2,4,0,0,0,8,0,0,0,0,0,0,1,1,13,55,0,0,0,50,17,51,0,11,5
2025-05-01,2,4,0,0,0,0,0,0,0,0,0,0,1,1,15,27,0,0,0,11,20,51,3,11,5
2025-06-01,2,5,0,0,0,0,0,0,0,0,0,0,2,1,14,20,0,0,0,22,17,59,4,8,9
2025-07-01,2,3,0,0,0,7,0,0,0,0,0,0,3,1,15,33,0,0,0,42,18,42,4,17,6
2025-08-01,2,4,0,0,0,12,0,0,0,0,0,0,2,1,19,28,0,0,0,27,14,47,0,16,9
2025-09-01,2,4,0,0,0,0,5,0,0,0,0,0,2,1,17,29,0,0,0,9,23,66,5,16,9
2025-10-01,2,4,0,0,0,6,0,0,5,0,0,0,3,0,13,26,0,0,0,11,16,46,4,14,9
2025-11-01,2,4,0,0,0,11,0,8,0,0,0,0,3,0,16,26,0,0,0,8,17,62,4,16,8
2025-12-01,1,2,0,0,0,26,0,6,0,12,0,0,5,1,14,25,0,0,0,18,19,46,6,18,3
